state,month,insurance,payment,births
Alabama,1,Medicaid,1,2225
Alabama,1,Private Insurance,2,2442
Alabama,1,Self Pay,3,126
Alabama,1,Other,4,167
Alabama,2,Medicaid,1,1917
Alabama,2,Private Insurance,2,2311
Alabama,2,Self Pay,3,110
Alabama,2,Other,4,147
Alabama,3,Medicaid,1,1983
Alabama,3,Private Insurance,2,2324
Alabama,3,Self Pay,3,145
Alabama,3,Other,4,174
Alabama,4,Medicaid,1,1877
Alabama,4,Private Insurance,2,2409
Alabama,4,Self Pay,3,120
Alabama,4,Other,4,159
Alabama,5,Medicaid,1,1959
Alabama,5,Private Insurance,2,2451
Alabama,5,Self Pay,3,123
Alabama,5,Other,4,190
Alabama,6,Medicaid,1,1911
Alabama,6,Private Insurance,2,2306
Alabama,6,Self Pay,3,119
Alabama,6,Other,4,181
Alabama,7,Medicaid,1,2145
Alabama,7,Private Insurance,2,2620
Alabama,7,Self Pay,3,138
Alabama,7,Other,4,224
Alabama,8,Medicaid,1,2166
Alabama,8,Private Insurance,2,2673
Alabama,8,Self Pay,3,139
Alabama,8,Other,4,253
Alabama,9,Medicaid,1,2001
Alabama,9,Private Insurance,2,2496
Alabama,9,Self Pay,3,136
Alabama,9,Other,4,199
Alabama,10,Medicaid,1,2086
Alabama,10,Private Insurance,2,2662
Alabama,10,Self Pay,3,157
Alabama,10,Other,4,225
Alabama,11,Medicaid,1,1920
Alabama,11,Private Insurance,2,2338
Alabama,11,Self Pay,3,121
Alabama,11,Other,4,193
Alabama,12,Medicaid,1,2078
Alabama,12,Private Insurance,2,2590
Alabama,12,Self Pay,3,146
Alabama,12,Other,4,212
Alaska,1,Medicaid,1,264
Alaska,1,Private Insurance,2,260
Alaska,1,Self Pay,3,25
Alaska,1,Other,4,203
Alaska,1,Unknown or Not Stated,9,11
Alaska,2,Medicaid,1,244
Alaska,2,Private Insurance,2,249
Alaska,2,Self Pay,3,25
Alaska,2,Other,4,197
Alaska,2,Unknown or Not Stated,9,20
Alaska,3,Medicaid,1,276
Alaska,3,Private Insurance,2,280
Alaska,3,Self Pay,3,34
Alaska,3,Other,4,165
Alaska,3,Unknown or Not Stated,9,19
Alaska,4,Medicaid,1,247
Alaska,4,Private Insurance,2,241
Alaska,4,Self Pay,3,36
Alaska,4,Other,4,166
Alaska,4,Unknown or Not Stated,9,14
Alaska,5,Medicaid,1,289
Alaska,5,Private Insurance,2,278
Alaska,5,Self Pay,3,20
Alaska,5,Other,4,176
Alaska,5,Unknown or Not Stated,9,15
Alaska,6,Medicaid,1,247
Alaska,6,Private Insurance,2,272
Alaska,6,Self Pay,3,18
Alaska,6,Other,4,162
Alaska,6,Unknown or Not Stated,9,13
Alaska,7,Medicaid,1,282
Alaska,7,Private Insurance,2,296
Alaska,7,Self Pay,3,30
Alaska,7,Other,4,181
Alaska,7,Unknown or Not Stated,9,25
Alaska,8,Medicaid,1,297
Alaska,8,Private Insurance,2,263
Alaska,8,Self Pay,3,25
Alaska,8,Other,4,166
Alaska,8,Unknown or Not Stated,9,19
Alaska,9,Medicaid,1,270
Alaska,9,Private Insurance,2,256
Alaska,9,Self Pay,3,22
Alaska,9,Other,4,189
Alaska,9,Unknown or Not Stated,9,25
Alaska,10,Medicaid,1,241
Alaska,10,Private Insurance,2,261
Alaska,10,Self Pay,3,20
Alaska,10,Other,4,163
Alaska,10,Unknown or Not Stated,9,13
Alaska,11,Medicaid,1,274
Alaska,11,Private Insurance,2,229
Alaska,11,Self Pay,3,23
Alaska,11,Other,4,140
Alaska,11,Unknown or Not Stated,9,25
Alaska,12,Medicaid,1,248
Alaska,12,Private Insurance,2,280
Alaska,12,Self Pay,3,18
Alaska,12,Other,4,147
Alaska,12,Unknown or Not Stated,9,17
Arizona,1,Medicaid,1,3036
Arizona,1,Private Insurance,2,2811
Arizona,1,Self Pay,3,382
Arizona,1,Other,4,296
Arizona,2,Medicaid,1,2733
Arizona,2,Private Insurance,2,2692
Arizona,2,Self Pay,3,365
Arizona,2,Other,4,326
Arizona,3,Medicaid,1,3004
Arizona,3,Private Insurance,2,2924
Arizona,3,Self Pay,3,383
Arizona,3,Other,4,343
Arizona,4,Medicaid,1,2713
Arizona,4,Private Insurance,2,2772
Arizona,4,Self Pay,3,313
Arizona,4,Other,4,278
Arizona,5,Medicaid,1,2655
Arizona,5,Private Insurance,2,2857
Arizona,5,Self Pay,3,329
Arizona,5,Other,4,341
Arizona,6,Medicaid,1,2680
Arizona,6,Private Insurance,2,2676
Arizona,6,Self Pay,3,333
Arizona,6,Other,4,334
Arizona,7,Medicaid,1,3065
Arizona,7,Private Insurance,2,2949
Arizona,7,Self Pay,3,394
Arizona,7,Other,4,365
Arizona,8,Medicaid,1,3140
Arizona,8,Private Insurance,2,3041
Arizona,8,Self Pay,3,390
Arizona,8,Other,4,376
Arizona,8,Unknown or Not Stated,9,14
Arizona,9,Medicaid,1,3116
Arizona,9,Private Insurance,2,2983
Arizona,9,Self Pay,3,417
Arizona,9,Other,4,343
Arizona,10,Medicaid,1,3029
Arizona,10,Private Insurance,2,3115
Arizona,10,Self Pay,3,460
Arizona,10,Other,4,363
Arizona,11,Medicaid,1,3059
Arizona,11,Private Insurance,2,2961
Arizona,11,Self Pay,3,422
Arizona,11,Other,4,343
Arizona,11,Unknown or Not Stated,9,10
Arizona,12,Medicaid,1,2812
Arizona,12,Private Insurance,2,3055
Arizona,12,Self Pay,3,452
Arizona,12,Other,4,336
Arkansas,1,Medicaid,1,1250
Arkansas,1,Private Insurance,2,1461
Arkansas,1,Self Pay,3,225
Arkansas,1,Other,4,35
Arkansas,1,Unknown or Not Stated,9,35
Arkansas,2,Medicaid,1,1136
Arkansas,2,Private Insurance,2,1368
Arkansas,2,Self Pay,3,236
Arkansas,2,Other,4,37
Arkansas,2,Unknown or Not Stated,9,19
Arkansas,3,Medicaid,1,1119
Arkansas,3,Private Insurance,2,1431
Arkansas,3,Self Pay,3,181
Arkansas,3,Other,4,26
Arkansas,3,Unknown or Not Stated,9,26
Arkansas,4,Medicaid,1,1152
Arkansas,4,Private Insurance,2,1437
Arkansas,4,Self Pay,3,202
Arkansas,4,Other,4,30
Arkansas,4,Unknown or Not Stated,9,22
Arkansas,5,Medicaid,1,1159
Arkansas,5,Private Insurance,2,1477
Arkansas,5,Self Pay,3,188
Arkansas,5,Other,4,24
Arkansas,5,Unknown or Not Stated,9,24
Arkansas,6,Medicaid,1,1159
Arkansas,6,Private Insurance,2,1398
Arkansas,6,Self Pay,3,155
Arkansas,6,Other,4,24
Arkansas,6,Unknown or Not Stated,9,18
Arkansas,7,Medicaid,1,1289
Arkansas,7,Private Insurance,2,1581
Arkansas,7,Self Pay,3,189
Arkansas,7,Other,4,21
Arkansas,7,Unknown or Not Stated,9,30
Arkansas,8,Medicaid,1,1321
Arkansas,8,Private Insurance,2,1661
Arkansas,8,Self Pay,3,199
Arkansas,8,Other,4,42
Arkansas,8,Unknown or Not Stated,9,22
Arkansas,9,Medicaid,1,1319
Arkansas,9,Private Insurance,2,1594
Arkansas,9,Self Pay,3,177
Arkansas,9,Other,4,29
Arkansas,9,Unknown or Not Stated,9,23
Arkansas,10,Medicaid,1,1204
Arkansas,10,Private Insurance,2,1546
Arkansas,10,Self Pay,3,153
Arkansas,10,Other,4,29
Arkansas,10,Unknown or Not Stated,9,21
Arkansas,11,Medicaid,1,1168
Arkansas,11,Private Insurance,2,1406
Arkansas,11,Self Pay,3,133
Arkansas,11,Other,4,24
Arkansas,12,Medicaid,1,1273
Arkansas,12,Private Insurance,2,1604
Arkansas,12,Self Pay,3,129
Arkansas,12,Other,4,24
California,1,Medicaid,1,13556
California,1,Private Insurance,2,16785
California,1,Self Pay,3,925
California,1,Other,4,1367
California,1,Unknown or Not Stated,9,212
California,2,Medicaid,1,12651
California,2,Private Insurance,2,16175
California,2,Self Pay,3,829
California,2,Other,4,1303
California,2,Unknown or Not Stated,9,186
California,3,Medicaid,1,13297
California,3,Private Insurance,2,17445
California,3,Self Pay,3,958
California,3,Other,4,1397
California,3,Unknown or Not Stated,9,153
California,4,Medicaid,1,12371
California,4,Private Insurance,2,17029
California,4,Self Pay,3,867
California,4,Other,4,1417
California,4,Unknown or Not Stated,9,142
California,5,Medicaid,1,13095
California,5,Private Insurance,2,17283
California,5,Self Pay,3,880
California,5,Other,4,1530
California,5,Unknown or Not Stated,9,216
California,6,Medicaid,1,13011
California,6,Private Insurance,2,16900
California,6,Self Pay,3,895
California,6,Other,4,1407
California,6,Unknown or Not Stated,9,169
California,7,Medicaid,1,13891
California,7,Private Insurance,2,18093
California,7,Self Pay,3,944
California,7,Other,4,1511
California,7,Unknown or Not Stated,9,177
California,8,Medicaid,1,14506
California,8,Private Insurance,2,18837
California,8,Self Pay,3,1004
California,8,Other,4,1592
California,8,Unknown or Not Stated,9,160
California,9,Medicaid,1,14269
California,9,Private Insurance,2,17798
California,9,Self Pay,3,1001
California,9,Other,4,1453
California,9,Unknown or Not Stated,9,188
California,10,Medicaid,1,14197
California,10,Private Insurance,2,18436
California,10,Self Pay,3,985
California,10,Other,4,1505
California,10,Unknown or Not Stated,9,191
California,11,Medicaid,1,13263
California,11,Private Insurance,2,16806
California,11,Self Pay,3,939
California,11,Other,4,1364
California,11,Unknown or Not Stated,9,162
California,12,Medicaid,1,13918
California,12,Private Insurance,2,17331
California,12,Self Pay,3,870
California,12,Other,4,1375
California,12,Unknown or Not Stated,9,162
Colorado,1,Medicaid,1,1865
Colorado,1,Private Insurance,2,2726
Colorado,1,Self Pay,3,262
Colorado,1,Other,4,254
Colorado,1,Unknown or Not Stated,9,27
Colorado,2,Medicaid,1,1785
Colorado,2,Private Insurance,2,2722
Colorado,2,Self Pay,3,225
Colorado,2,Other,4,252
Colorado,2,Unknown or Not Stated,9,36
Colorado,3,Medicaid,1,1805
Colorado,3,Private Insurance,2,2943
Colorado,3,Self Pay,3,257
Colorado,3,Other,4,286
Colorado,3,Unknown or Not Stated,9,26
Colorado,4,Medicaid,1,1779
Colorado,4,Private Insurance,2,2858
Colorado,4,Self Pay,3,257
Colorado,4,Other,4,261
Colorado,4,Unknown or Not Stated,9,19
Colorado,5,Medicaid,1,1878
Colorado,5,Private Insurance,2,3063
Colorado,5,Self Pay,3,245
Colorado,5,Other,4,298
Colorado,5,Unknown or Not Stated,9,18
Colorado,6,Medicaid,1,1877
Colorado,6,Private Insurance,2,2751
Colorado,6,Self Pay,3,241
Colorado,6,Other,4,305
Colorado,6,Unknown or Not Stated,9,18
Colorado,7,Medicaid,1,1860
Colorado,7,Private Insurance,2,3224
Colorado,7,Self Pay,3,268
Colorado,7,Other,4,293
Colorado,7,Unknown or Not Stated,9,16
Colorado,8,Medicaid,1,1961
Colorado,8,Private Insurance,2,3221
Colorado,8,Self Pay,3,261
Colorado,8,Other,4,336
Colorado,8,Unknown or Not Stated,9,16
Colorado,9,Medicaid,1,1853
Colorado,9,Private Insurance,2,2908
Colorado,9,Self Pay,3,273
Colorado,9,Other,4,296
Colorado,9,Unknown or Not Stated,9,17
Colorado,10,Medicaid,1,1943
Colorado,10,Private Insurance,2,3059
Colorado,10,Self Pay,3,264
Colorado,10,Other,4,312
Colorado,10,Unknown or Not Stated,9,16
Colorado,11,Medicaid,1,1842
Colorado,11,Private Insurance,2,2849
Colorado,11,Self Pay,3,244
Colorado,11,Other,4,321
Colorado,11,Unknown or Not Stated,9,15
Colorado,12,Medicaid,1,1911
Colorado,12,Private Insurance,2,2781
Colorado,12,Self Pay,3,180
Colorado,12,Other,4,374
Colorado,12,Unknown or Not Stated,9,20
Connecticut,1,Medicaid,1,1142
Connecticut,1,Private Insurance,2,1501
Connecticut,1,Self Pay,3,36
Connecticut,1,Other,4,45
Connecticut,2,Medicaid,1,1162
Connecticut,2,Private Insurance,2,1504
Connecticut,2,Self Pay,3,32
Connecticut,2,Other,4,36
Connecticut,3,Medicaid,1,1176
Connecticut,3,Private Insurance,2,1625
Connecticut,3,Self Pay,3,31
Connecticut,3,Other,4,41
Connecticut,4,Medicaid,1,1120
Connecticut,4,Private Insurance,2,1643
Connecticut,4,Self Pay,3,28
Connecticut,4,Other,4,43
Connecticut,5,Medicaid,1,1218
Connecticut,5,Private Insurance,2,1746
Connecticut,5,Self Pay,3,34
Connecticut,5,Other,4,59
Connecticut,6,Medicaid,1,1069
Connecticut,6,Private Insurance,2,1566
Connecticut,6,Self Pay,3,25
Connecticut,6,Other,4,40
Connecticut,7,Medicaid,1,1292
Connecticut,7,Private Insurance,2,1805
Connecticut,7,Self Pay,3,30
Connecticut,7,Other,4,48
Connecticut,8,Medicaid,1,1233
Connecticut,8,Private Insurance,2,1834
Connecticut,8,Self Pay,3,24
Connecticut,8,Other,4,47
Connecticut,9,Medicaid,1,1198
Connecticut,9,Private Insurance,2,1602
Connecticut,9,Self Pay,3,24
Connecticut,9,Other,4,37
Connecticut,10,Medicaid,1,1192
Connecticut,10,Private Insurance,2,1745
Connecticut,10,Self Pay,3,25
Connecticut,10,Other,4,47
Connecticut,11,Medicaid,1,1072
Connecticut,11,Private Insurance,2,1528
Connecticut,11,Self Pay,3,26
Connecticut,11,Other,4,50
Connecticut,12,Medicaid,1,1183
Connecticut,12,Private Insurance,2,1535
Connecticut,12,Self Pay,3,21
Connecticut,12,Other,4,46
Delaware,1,Medicaid,1,368
Delaware,1,Private Insurance,2,436
Delaware,1,Self Pay,3,19
Delaware,1,Other,4,31
Delaware,2,Medicaid,1,360
Delaware,2,Private Insurance,2,390
Delaware,2,Self Pay,3,20
Delaware,2,Other,4,29
Delaware,3,Medicaid,1,348
Delaware,3,Private Insurance,2,445
Delaware,3,Self Pay,3,14
Delaware,3,Other,4,33
Delaware,4,Medicaid,1,372
Delaware,4,Private Insurance,2,446
Delaware,4,Self Pay,3,17
Delaware,4,Other,4,51
Delaware,5,Medicaid,1,364
Delaware,5,Private Insurance,2,450
Delaware,5,Self Pay,3,15
Delaware,5,Other,4,45
Delaware,6,Medicaid,1,374
Delaware,6,Private Insurance,2,472
Delaware,6,Self Pay,3,11
Delaware,6,Other,4,40
Delaware,7,Medicaid,1,393
Delaware,7,Private Insurance,2,433
Delaware,7,Self Pay,3,19
Delaware,7,Other,4,49
Delaware,8,Medicaid,1,387
Delaware,8,Private Insurance,2,536
Delaware,8,Self Pay,3,16
Delaware,8,Other,4,47
Delaware,9,Medicaid,1,362
Delaware,9,Private Insurance,2,442
Delaware,9,Self Pay,3,22
Delaware,9,Other,4,41
Delaware,10,Medicaid,1,383
Delaware,10,Private Insurance,2,468
Delaware,10,Self Pay,3,15
Delaware,10,Other,4,26
Delaware,11,Medicaid,1,323
Delaware,11,Private Insurance,2,441
Delaware,11,Self Pay,3,12
Delaware,11,Other,4,44
Delaware,12,Medicaid,1,299
Delaware,12,Private Insurance,2,395
Delaware,12,Self Pay,3,16
Delaware,12,Other,4,29
District of Columbia,1,Medicaid,1,294
District of Columbia,1,Private Insurance,2,282
District of Columbia,1,Self Pay,3,12
District of Columbia,1,Other,4,28
District of Columbia,2,Medicaid,1,284
District of Columbia,2,Private Insurance,2,288
District of Columbia,2,Other,4,17
District of Columbia,3,Medicaid,1,287
District of Columbia,3,Private Insurance,2,319
District of Columbia,3,Self Pay,3,14
District of Columbia,3,Other,4,23
District of Columbia,4,Medicaid,1,269
District of Columbia,4,Private Insurance,2,309
District of Columbia,4,Self Pay,3,13
District of Columbia,4,Other,4,17
District of Columbia,5,Medicaid,1,268
District of Columbia,5,Private Insurance,2,354
District of Columbia,5,Other,4,24
District of Columbia,6,Medicaid,1,270
District of Columbia,6,Private Insurance,2,332
District of Columbia,6,Other,4,16
District of Columbia,7,Medicaid,1,289
District of Columbia,7,Private Insurance,2,319
District of Columbia,7,Other,4,20
District of Columbia,8,Medicaid,1,324
District of Columbia,8,Private Insurance,2,345
District of Columbia,8,Other,4,26
District of Columbia,9,Medicaid,1,306
District of Columbia,9,Private Insurance,2,287
District of Columbia,9,Self Pay,3,10
District of Columbia,9,Other,4,26
District of Columbia,10,Medicaid,1,269
District of Columbia,10,Private Insurance,2,325
District of Columbia,10,Other,4,20
District of Columbia,11,Medicaid,1,297
District of Columbia,11,Private Insurance,2,334
District of Columbia,11,Other,4,27
District of Columbia,12,Medicaid,1,235
District of Columbia,12,Private Insurance,2,298
District of Columbia,12,Other,4,20
Florida,1,Medicaid,1,7333
Florida,1,Private Insurance,2,9300
Florida,1,Self Pay,3,1170
Florida,1,Other,4,572
Florida,1,Unknown or Not Stated,9,53
Florida,2,Medicaid,1,7042
Florida,2,Private Insurance,2,8811
Florida,2,Self Pay,3,1044
Florida,2,Other,4,579
Florida,2,Unknown or Not Stated,9,49
Florida,3,Medicaid,1,6938
Florida,3,Private Insurance,2,9245
Florida,3,Self Pay,3,1138
Florida,3,Other,4,574
Florida,3,Unknown or Not Stated,9,52
Florida,4,Medicaid,1,6596
Florida,4,Private Insurance,2,9181
Florida,4,Self Pay,3,938
Florida,4,Other,4,608
Florida,4,Unknown or Not Stated,9,51
Florida,5,Medicaid,1,6675
Florida,5,Private Insurance,2,9384
Florida,5,Self Pay,3,1068
Florida,5,Other,4,628
Florida,5,Unknown or Not Stated,9,78
Florida,6,Medicaid,1,6547
Florida,6,Private Insurance,2,8847
Florida,6,Self Pay,3,1043
Florida,6,Other,4,597
Florida,6,Unknown or Not Stated,9,331
Florida,7,Medicaid,1,7051
Florida,7,Private Insurance,2,9375
Florida,7,Self Pay,3,1099
Florida,7,Other,4,526
Florida,7,Unknown or Not Stated,9,1176
Florida,8,Medicaid,1,7920
Florida,8,Private Insurance,2,10549
Florida,8,Self Pay,3,1188
Florida,8,Other,4,357
Florida,8,Unknown or Not Stated,9,139
Florida,9,Medicaid,1,7863
Florida,9,Private Insurance,2,10198
Florida,9,Self Pay,3,1209
Florida,9,Other,4,301
Florida,9,Unknown or Not Stated,9,75
Florida,10,Medicaid,1,7821
Florida,10,Private Insurance,2,10722
Florida,10,Self Pay,3,1170
Florida,10,Other,4,306
Florida,10,Unknown or Not Stated,9,70
Florida,11,Medicaid,1,7345
Florida,11,Private Insurance,2,9942
Florida,11,Self Pay,3,1100
Florida,11,Other,4,320
Florida,11,Unknown or Not Stated,9,99
Florida,12,Medicaid,1,7850
Florida,12,Private Insurance,2,10342
Florida,12,Self Pay,3,1166
Florida,12,Other,4,377
Florida,12,Unknown or Not Stated,9,114
Georgia,1,Medicaid,1,4601
Georgia,1,Private Insurance,2,4421
Georgia,1,Self Pay,3,904
Georgia,1,Other,4,540
Georgia,1,Unknown or Not Stated,9,13
Georgia,2,Medicaid,1,4146
Georgia,2,Private Insurance,2,4465
Georgia,2,Self Pay,3,834
Georgia,2,Other,4,561
Georgia,3,Medicaid,1,4231
Georgia,3,Private Insurance,2,4658
Georgia,3,Self Pay,3,930
Georgia,3,Other,4,600
Georgia,3,Unknown or Not Stated,9,14
Georgia,4,Medicaid,1,4091
Georgia,4,Private Insurance,2,4397
Georgia,4,Self Pay,3,862
Georgia,4,Other,4,513
Georgia,4,Unknown or Not Stated,9,11
Georgia,5,Medicaid,1,4388
Georgia,5,Private Insurance,2,4610
Georgia,5,Self Pay,3,773
Georgia,5,Other,4,558
Georgia,5,Unknown or Not Stated,9,10
Georgia,6,Medicaid,1,4379
Georgia,6,Private Insurance,2,4312
Georgia,6,Self Pay,3,728
Georgia,6,Other,4,520
Georgia,7,Medicaid,1,4853
Georgia,7,Private Insurance,2,4818
Georgia,7,Self Pay,3,853
Georgia,7,Other,4,624
Georgia,7,Unknown or Not Stated,9,10
Georgia,8,Medicaid,1,4870
Georgia,8,Private Insurance,2,5039
Georgia,8,Self Pay,3,867
Georgia,8,Other,4,621
Georgia,8,Unknown or Not Stated,9,10
Georgia,9,Medicaid,1,4311
Georgia,9,Private Insurance,2,4863
Georgia,9,Self Pay,3,921
Georgia,9,Other,4,563
Georgia,9,Unknown or Not Stated,9,12
Georgia,10,Medicaid,1,4385
Georgia,10,Private Insurance,2,4851
Georgia,10,Self Pay,3,890
Georgia,10,Other,4,601
Georgia,11,Medicaid,1,4199
Georgia,11,Private Insurance,2,4631
Georgia,11,Self Pay,3,898
Georgia,11,Other,4,580
Georgia,12,Medicaid,1,4490
Georgia,12,Private Insurance,2,4916
Georgia,12,Self Pay,3,945
Georgia,12,Other,4,587
Hawaii,1,Medicaid,1,454
Hawaii,1,Private Insurance,2,491
Hawaii,1,Self Pay,3,49
Hawaii,1,Other,4,229
Hawaii,2,Medicaid,1,431
Hawaii,2,Private Insurance,2,507
Hawaii,2,Self Pay,3,47
Hawaii,2,Other,4,234
Hawaii,3,Medicaid,1,416
Hawaii,3,Private Insurance,2,480
Hawaii,3,Self Pay,3,47
Hawaii,3,Other,4,258
Hawaii,4,Medicaid,1,395
Hawaii,4,Private Insurance,2,519
Hawaii,4,Self Pay,3,41
Hawaii,4,Other,4,257
Hawaii,5,Medicaid,1,391
Hawaii,5,Private Insurance,2,514
Hawaii,5,Self Pay,3,52
Hawaii,5,Other,4,284
Hawaii,6,Medicaid,1,383
Hawaii,6,Private Insurance,2,463
Hawaii,6,Self Pay,3,50
Hawaii,6,Other,4,272
Hawaii,7,Medicaid,1,439
Hawaii,7,Private Insurance,2,472
Hawaii,7,Self Pay,3,50
Hawaii,7,Other,4,235
Hawaii,8,Medicaid,1,450
Hawaii,8,Private Insurance,2,513
Hawaii,8,Self Pay,3,50
Hawaii,8,Other,4,256
Hawaii,9,Medicaid,1,428
Hawaii,9,Private Insurance,2,552
Hawaii,9,Self Pay,3,57
Hawaii,9,Other,4,239
Hawaii,10,Medicaid,1,442
Hawaii,10,Private Insurance,2,565
Hawaii,10,Self Pay,3,55
Hawaii,10,Other,4,255
Hawaii,11,Medicaid,1,419
Hawaii,11,Private Insurance,2,538
Hawaii,11,Self Pay,3,48
Hawaii,11,Other,4,226
Hawaii,12,Medicaid,1,388
Hawaii,12,Private Insurance,2,498
Hawaii,12,Self Pay,3,28
Hawaii,12,Other,4,232
Idaho,1,Medicaid,1,514
Idaho,1,Private Insurance,2,1028
Idaho,1,Self Pay,3,168
Idaho,1,Other,4,72
Idaho,1,Unknown or Not Stated,9,14
Idaho,2,Medicaid,1,541
Idaho,2,Private Insurance,2,937
Idaho,2,Self Pay,3,163
Idaho,2,Other,4,74
Idaho,2,Unknown or Not Stated,9,16
Idaho,3,Medicaid,1,518
Idaho,3,Private Insurance,2,1106
Idaho,3,Self Pay,3,159
Idaho,3,Other,4,92
Idaho,3,Unknown or Not Stated,9,12
Idaho,4,Medicaid,1,547
Idaho,4,Private Insurance,2,1138
Idaho,4,Self Pay,3,177
Idaho,4,Other,4,75
Idaho,5,Medicaid,1,557
Idaho,5,Private Insurance,2,1240
Idaho,5,Self Pay,3,204
Idaho,5,Other,4,98
Idaho,5,Unknown or Not Stated,9,14
Idaho,6,Medicaid,1,559
Idaho,6,Private Insurance,2,1162
Idaho,6,Self Pay,3,151
Idaho,6,Other,4,95
Idaho,6,Unknown or Not Stated,9,14
Idaho,7,Medicaid,1,588
Idaho,7,Private Insurance,2,1200
Idaho,7,Self Pay,3,198
Idaho,7,Other,4,106
Idaho,7,Unknown or Not Stated,9,13
Idaho,8,Medicaid,1,543
Idaho,8,Private Insurance,2,1217
Idaho,8,Self Pay,3,192
Idaho,8,Other,4,102
Idaho,8,Unknown or Not Stated,9,15
Idaho,9,Medicaid,1,528
Idaho,9,Private Insurance,2,1187
Idaho,9,Self Pay,3,192
Idaho,9,Other,4,103
Idaho,9,Unknown or Not Stated,9,13
Idaho,10,Medicaid,1,523
Idaho,10,Private Insurance,2,1085
Idaho,10,Self Pay,3,198
Idaho,10,Other,4,92
Idaho,10,Unknown or Not Stated,9,15
Idaho,11,Medicaid,1,497
Idaho,11,Private Insurance,2,1025
Idaho,11,Self Pay,3,193
Idaho,11,Other,4,80
Idaho,12,Medicaid,1,484
Idaho,12,Private Insurance,2,1133
Idaho,12,Self Pay,3,188
Idaho,12,Other,4,57
Illinois,1,Medicaid,1,4251
Illinois,1,Private Insurance,2,5705
Illinois,1,Self Pay,3,173
Illinois,1,Other,4,76
Illinois,1,Unknown or Not Stated,9,21
Illinois,2,Medicaid,1,3953
Illinois,2,Private Insurance,2,5521
Illinois,2,Self Pay,3,152
Illinois,2,Other,4,74
Illinois,2,Unknown or Not Stated,9,14
Illinois,3,Medicaid,1,4067
Illinois,3,Private Insurance,2,5916
Illinois,3,Self Pay,3,188
Illinois,3,Other,4,79
Illinois,4,Medicaid,1,3984
Illinois,4,Private Insurance,2,6003
Illinois,4,Self Pay,3,151
Illinois,4,Other,4,75
Illinois,4,Unknown or Not Stated,9,21
Illinois,5,Medicaid,1,4178
Illinois,5,Private Insurance,2,6303
Illinois,5,Self Pay,3,171
Illinois,5,Other,4,75
Illinois,5,Unknown or Not Stated,9,32
Illinois,6,Medicaid,1,4118
Illinois,6,Private Insurance,2,6144
Illinois,6,Self Pay,3,134
Illinois,6,Other,4,79
Illinois,6,Unknown or Not Stated,9,27
Illinois,7,Medicaid,1,4355
Illinois,7,Private Insurance,2,6619
Illinois,7,Self Pay,3,180
Illinois,7,Other,4,82
Illinois,7,Unknown or Not Stated,9,30
Illinois,8,Medicaid,1,4419
Illinois,8,Private Insurance,2,6434
Illinois,8,Self Pay,3,177
Illinois,8,Other,4,91
Illinois,8,Unknown or Not Stated,9,26
Illinois,9,Medicaid,1,4147
Illinois,9,Private Insurance,2,5998
Illinois,9,Self Pay,3,154
Illinois,9,Other,4,101
Illinois,9,Unknown or Not Stated,9,17
Illinois,10,Medicaid,1,4146
Illinois,10,Private Insurance,2,6485
Illinois,10,Self Pay,3,178
Illinois,10,Other,4,79
Illinois,10,Unknown or Not Stated,9,20
Illinois,11,Medicaid,1,4044
Illinois,11,Private Insurance,2,5652
Illinois,11,Self Pay,3,192
Illinois,11,Other,4,73
Illinois,11,Unknown or Not Stated,9,19
Illinois,12,Medicaid,1,4059
Illinois,12,Private Insurance,2,5877
Illinois,12,Self Pay,3,177
Illinois,12,Other,4,90
Illinois,12,Unknown or Not Stated,9,26
Indiana,1,Medicaid,1,2728
Indiana,1,Private Insurance,2,2961
Indiana,1,Self Pay,3,406
Indiana,1,Other,4,271
Indiana,1,Unknown or Not Stated,9,44
Indiana,2,Medicaid,1,2598
Indiana,2,Private Insurance,2,3056
Indiana,2,Self Pay,3,380
Indiana,2,Other,4,269
Indiana,2,Unknown or Not Stated,9,38
Indiana,3,Medicaid,1,2767
Indiana,3,Private Insurance,2,3289
Indiana,3,Self Pay,3,410
Indiana,3,Other,4,262
Indiana,3,Unknown or Not Stated,9,35
Indiana,4,Medicaid,1,2553
Indiana,4,Private Insurance,2,3314
Indiana,4,Self Pay,3,353
Indiana,4,Other,4,299
Indiana,4,Unknown or Not Stated,9,41
Indiana,5,Medicaid,1,2582
Indiana,5,Private Insurance,2,3343
Indiana,5,Self Pay,3,345
Indiana,5,Other,4,273
Indiana,5,Unknown or Not Stated,9,182
Indiana,6,Medicaid,1,2534
Indiana,6,Private Insurance,2,3319
Indiana,6,Self Pay,3,356
Indiana,6,Other,4,267
Indiana,6,Unknown or Not Stated,9,100
Indiana,7,Medicaid,1,2847
Indiana,7,Private Insurance,2,3545
Indiana,7,Self Pay,3,351
Indiana,7,Other,4,257
Indiana,7,Unknown or Not Stated,9,45
Indiana,8,Medicaid,1,2917
Indiana,8,Private Insurance,2,3564
Indiana,8,Self Pay,3,410
Indiana,8,Other,4,279
Indiana,8,Unknown or Not Stated,9,41
Indiana,9,Medicaid,1,2796
Indiana,9,Private Insurance,2,3350
Indiana,9,Self Pay,3,379
Indiana,9,Other,4,242
Indiana,9,Unknown or Not Stated,9,50
Indiana,10,Medicaid,1,2779
Indiana,10,Private Insurance,2,3442
Indiana,10,Self Pay,3,384
Indiana,10,Other,4,241
Indiana,10,Unknown or Not Stated,9,54
Indiana,11,Medicaid,1,2490
Indiana,11,Private Insurance,2,3013
Indiana,11,Self Pay,3,331
Indiana,11,Other,4,245
Indiana,11,Unknown or Not Stated,9,57
Indiana,12,Medicaid,1,2761
Indiana,12,Private Insurance,2,3210
Indiana,12,Self Pay,3,364
Indiana,12,Other,4,241
Indiana,12,Unknown or Not Stated,9,64
Iowa,1,Medicaid,1,1191
Iowa,1,Private Insurance,2,1652
Iowa,1,Self Pay,3,176
Iowa,1,Other,4,40
Iowa,2,Medicaid,1,1016
Iowa,2,Private Insurance,2,1550
Iowa,2,Self Pay,3,145
Iowa,2,Other,4,27
Iowa,3,Medicaid,1,1155
Iowa,3,Private Insurance,2,1777
Iowa,3,Self Pay,3,149
Iowa,3,Other,4,40
Iowa,4,Medicaid,1,1071
Iowa,4,Private Insurance,2,1744
Iowa,4,Self Pay,3,156
Iowa,4,Other,4,28
Iowa,5,Medicaid,1,1082
Iowa,5,Private Insurance,2,1808
Iowa,5,Self Pay,3,162
Iowa,5,Other,4,42
Iowa,6,Medicaid,1,1069
Iowa,6,Private Insurance,2,1758
Iowa,6,Self Pay,3,167
Iowa,6,Other,4,39
Iowa,7,Medicaid,1,1146
Iowa,7,Private Insurance,2,1782
Iowa,7,Self Pay,3,169
Iowa,7,Other,4,52
Iowa,8,Medicaid,1,1111
Iowa,8,Private Insurance,2,1854
Iowa,8,Self Pay,3,174
Iowa,8,Other,4,48
Iowa,9,Medicaid,1,1076
Iowa,9,Private Insurance,2,1718
Iowa,9,Self Pay,3,186
Iowa,9,Other,4,45
Iowa,10,Medicaid,1,1139
Iowa,10,Private Insurance,2,1875
Iowa,10,Self Pay,3,147
Iowa,10,Other,4,44
Iowa,11,Medicaid,1,1019
Iowa,11,Private Insurance,2,1664
Iowa,11,Self Pay,3,131
Iowa,11,Other,4,19
Iowa,12,Medicaid,1,1047
Iowa,12,Private Insurance,2,1697
Iowa,12,Self Pay,3,156
Iowa,12,Other,4,35
Kansas,1,Medicaid,1,875
Kansas,1,Private Insurance,2,1533
Kansas,1,Self Pay,3,193
Kansas,1,Other,4,151
Kansas,1,Unknown or Not Stated,9,61
Kansas,2,Medicaid,1,797
Kansas,2,Private Insurance,2,1427
Kansas,2,Self Pay,3,193
Kansas,2,Other,4,143
Kansas,2,Unknown or Not Stated,9,60
Kansas,3,Medicaid,1,868
Kansas,3,Private Insurance,2,1517
Kansas,3,Self Pay,3,213
Kansas,3,Other,4,164
Kansas,3,Unknown or Not Stated,9,56
Kansas,4,Medicaid,1,798
Kansas,4,Private Insurance,2,1549
Kansas,4,Self Pay,3,208
Kansas,4,Other,4,179
Kansas,4,Unknown or Not Stated,9,34
Kansas,5,Medicaid,1,845
Kansas,5,Private Insurance,2,1538
Kansas,5,Self Pay,3,202
Kansas,5,Other,4,193
Kansas,5,Unknown or Not Stated,9,23
Kansas,6,Medicaid,1,812
Kansas,6,Private Insurance,2,1480
Kansas,6,Self Pay,3,199
Kansas,6,Other,4,185
Kansas,6,Unknown or Not Stated,9,31
Kansas,7,Medicaid,1,899
Kansas,7,Private Insurance,2,1612
Kansas,7,Self Pay,3,243
Kansas,7,Other,4,198
Kansas,7,Unknown or Not Stated,9,41
Kansas,8,Medicaid,1,963
Kansas,8,Private Insurance,2,1656
Kansas,8,Self Pay,3,244
Kansas,8,Other,4,224
Kansas,8,Unknown or Not Stated,9,29
Kansas,9,Medicaid,1,856
Kansas,9,Private Insurance,2,1572
Kansas,9,Self Pay,3,237
Kansas,9,Other,4,186
Kansas,9,Unknown or Not Stated,9,37
Kansas,10,Medicaid,1,860
Kansas,10,Private Insurance,2,1619
Kansas,10,Self Pay,3,213
Kansas,10,Other,4,194
Kansas,10,Unknown or Not Stated,9,36
Kansas,11,Medicaid,1,804
Kansas,11,Private Insurance,2,1437
Kansas,11,Self Pay,3,235
Kansas,11,Other,4,179
Kansas,11,Unknown or Not Stated,9,21
Kansas,12,Medicaid,1,874
Kansas,12,Private Insurance,2,1563
Kansas,12,Self Pay,3,219
Kansas,12,Other,4,166
Kansas,12,Unknown or Not Stated,9,26
Kentucky,1,Medicaid,1,2007
Kentucky,1,Private Insurance,2,1801
Kentucky,1,Self Pay,3,208
Kentucky,1,Other,4,319
Kentucky,1,Unknown or Not Stated,9,70
Kentucky,2,Medicaid,1,1781
Kentucky,2,Private Insurance,2,1800
Kentucky,2,Self Pay,3,204
Kentucky,2,Other,4,305
Kentucky,2,Unknown or Not Stated,9,59
Kentucky,3,Medicaid,1,1808
Kentucky,3,Private Insurance,2,1866
Kentucky,3,Self Pay,3,261
Kentucky,3,Other,4,281
Kentucky,3,Unknown or Not Stated,9,44
Kentucky,4,Medicaid,1,1768
Kentucky,4,Private Insurance,2,1935
Kentucky,4,Self Pay,3,196
Kentucky,4,Other,4,301
Kentucky,4,Unknown or Not Stated,9,53
Kentucky,5,Medicaid,1,1854
Kentucky,5,Private Insurance,2,2036
Kentucky,5,Self Pay,3,213
Kentucky,5,Other,4,270
Kentucky,5,Unknown or Not Stated,9,40
Kentucky,6,Medicaid,1,1852
Kentucky,6,Private Insurance,2,1859
Kentucky,6,Self Pay,3,211
Kentucky,6,Other,4,325
Kentucky,6,Unknown or Not Stated,9,50
Kentucky,7,Medicaid,1,1985
Kentucky,7,Private Insurance,2,2175
Kentucky,7,Self Pay,3,261
Kentucky,7,Other,4,376
Kentucky,7,Unknown or Not Stated,9,35
Kentucky,8,Medicaid,1,2003
Kentucky,8,Private Insurance,2,2097
Kentucky,8,Self Pay,3,287
Kentucky,8,Other,4,322
Kentucky,8,Unknown or Not Stated,9,44
Kentucky,9,Medicaid,1,1885
Kentucky,9,Private Insurance,2,1982
Kentucky,9,Self Pay,3,254
Kentucky,9,Other,4,257
Kentucky,9,Unknown or Not Stated,9,39
Kentucky,10,Medicaid,1,1884
Kentucky,10,Private Insurance,2,2079
Kentucky,10,Self Pay,3,292
Kentucky,10,Other,4,240
Kentucky,10,Unknown or Not Stated,9,88
Kentucky,11,Medicaid,1,1710
Kentucky,11,Private Insurance,2,1857
Kentucky,11,Self Pay,3,223
Kentucky,11,Other,4,240
Kentucky,11,Unknown or Not Stated,9,67
Kentucky,12,Medicaid,1,1773
Kentucky,12,Private Insurance,2,1948
Kentucky,12,Self Pay,3,232
Kentucky,12,Other,4,240
Kentucky,12,Unknown or Not Stated,9,83
Louisiana,1,Medicaid,1,2890
Louisiana,1,Private Insurance,2,1389
Louisiana,1,Self Pay,3,73
Louisiana,1,Other,4,69
Louisiana,2,Medicaid,1,2641
Louisiana,2,Private Insurance,2,1433
Louisiana,2,Self Pay,3,73
Louisiana,2,Other,4,102
Louisiana,3,Medicaid,1,2646
Louisiana,3,Private Insurance,2,1437
Louisiana,3,Self Pay,3,83
Louisiana,3,Other,4,113
Louisiana,4,Medicaid,1,2530
Louisiana,4,Private Insurance,2,1381
Louisiana,4,Self Pay,3,67
Louisiana,4,Other,4,101
Louisiana,5,Medicaid,1,2574
Louisiana,5,Private Insurance,2,1476
Louisiana,5,Self Pay,3,54
Louisiana,5,Other,4,101
Louisiana,6,Medicaid,1,2609
Louisiana,6,Private Insurance,2,1344
Louisiana,6,Self Pay,3,62
Louisiana,6,Other,4,109
Louisiana,7,Medicaid,1,2991
Louisiana,7,Private Insurance,2,1591
Louisiana,7,Self Pay,3,78
Louisiana,7,Other,4,161
Louisiana,8,Medicaid,1,2897
Louisiana,8,Private Insurance,2,1627
Louisiana,8,Self Pay,3,77
Louisiana,8,Other,4,161
Louisiana,9,Medicaid,1,2839
Louisiana,9,Private Insurance,2,1550
Louisiana,9,Self Pay,3,75
Louisiana,9,Other,4,163
Louisiana,10,Medicaid,1,2854
Louisiana,10,Private Insurance,2,1605
Louisiana,10,Self Pay,3,73
Louisiana,10,Other,4,145
Louisiana,11,Medicaid,1,2627
Louisiana,11,Private Insurance,2,1481
Louisiana,11,Self Pay,3,72
Louisiana,11,Other,4,157
Louisiana,12,Medicaid,1,2140
Louisiana,12,Private Insurance,2,1389
Louisiana,12,Self Pay,3,72
Louisiana,12,Other,4,143
Maine,1,Medicaid,1,377
Maine,1,Private Insurance,2,507
Maine,1,Self Pay,3,48
Maine,1,Other,4,17
Maine,2,Medicaid,1,402
Maine,2,Private Insurance,2,449
Maine,2,Self Pay,3,46
Maine,2,Other,4,21
Maine,3,Medicaid,1,408
Maine,3,Private Insurance,2,494
Maine,3,Self Pay,3,51
Maine,3,Other,4,27
Maine,4,Medicaid,1,356
Maine,4,Private Insurance,2,528
Maine,4,Self Pay,3,38
Maine,4,Other,4,29
Maine,5,Medicaid,1,399
Maine,5,Private Insurance,2,528
Maine,5,Self Pay,3,46
Maine,5,Other,4,17
Maine,6,Medicaid,1,374
Maine,6,Private Insurance,2,506
Maine,6,Self Pay,3,36
Maine,6,Other,4,28
Maine,7,Medicaid,1,356
Maine,7,Private Insurance,2,598
Maine,7,Self Pay,3,41
Maine,7,Other,4,33
Maine,8,Medicaid,1,391
Maine,8,Private Insurance,2,525
Maine,8,Self Pay,3,35
Maine,8,Other,4,38
Maine,9,Medicaid,1,381
Maine,9,Private Insurance,2,507
Maine,9,Self Pay,3,49
Maine,9,Other,4,24
Maine,10,Medicaid,1,406
Maine,10,Private Insurance,2,545
Maine,10,Self Pay,3,45
Maine,10,Other,4,19
Maine,11,Medicaid,1,384
Maine,11,Private Insurance,2,478
Maine,11,Self Pay,3,55
Maine,11,Other,4,21
Maine,12,Medicaid,1,365
Maine,12,Private Insurance,2,491
Maine,12,Self Pay,3,33
Maine,12,Other,4,29
Maryland,1,Medicaid,1,2454
Maryland,1,Private Insurance,2,2682
Maryland,1,Self Pay,3,124
Maryland,1,Other,4,178
Maryland,1,Unknown or Not Stated,9,17
Maryland,2,Medicaid,1,2280
Maryland,2,Private Insurance,2,2581
Maryland,2,Self Pay,3,89
Maryland,2,Other,4,182
Maryland,2,Unknown or Not Stated,9,19
Maryland,3,Medicaid,1,2348
Maryland,3,Private Insurance,2,2835
Maryland,3,Self Pay,3,101
Maryland,3,Other,4,221
Maryland,3,Unknown or Not Stated,9,11
Maryland,4,Medicaid,1,2172
Maryland,4,Private Insurance,2,2742
Maryland,4,Self Pay,3,115
Maryland,4,Other,4,203
Maryland,5,Medicaid,1,2351
Maryland,5,Private Insurance,2,2938
Maryland,5,Self Pay,3,86
Maryland,5,Other,4,186
Maryland,5,Unknown or Not Stated,9,15
Maryland,6,Medicaid,1,2370
Maryland,6,Private Insurance,2,2689
Maryland,6,Self Pay,3,98
Maryland,6,Other,4,188
Maryland,7,Medicaid,1,2502
Maryland,7,Private Insurance,2,3019
Maryland,7,Self Pay,3,89
Maryland,7,Other,4,219
Maryland,7,Unknown or Not Stated,9,18
Maryland,8,Medicaid,1,2651
Maryland,8,Private Insurance,2,3001
Maryland,8,Self Pay,3,86
Maryland,8,Other,4,236
Maryland,9,Medicaid,1,2453
Maryland,9,Private Insurance,2,2681
Maryland,9,Self Pay,3,117
Maryland,9,Other,4,231
Maryland,10,Medicaid,1,2379
Maryland,10,Private Insurance,2,2814
Maryland,10,Self Pay,3,95
Maryland,10,Other,4,207
Maryland,10,Unknown or Not Stated,9,10
Maryland,11,Medicaid,1,2273
Maryland,11,Private Insurance,2,2634
Maryland,11,Self Pay,3,81
Maryland,11,Other,4,227
Maryland,11,Unknown or Not Stated,9,11
Maryland,12,Medicaid,1,2480
Maryland,12,Private Insurance,2,2615
Maryland,12,Self Pay,3,92
Maryland,12,Other,4,210
Massachusetts,1,Medicaid,1,1817
Massachusetts,1,Private Insurance,2,3423
Massachusetts,1,Self Pay,3,48
Massachusetts,1,Other,4,163
Massachusetts,1,Unknown or Not Stated,9,25
Massachusetts,2,Medicaid,1,1778
Massachusetts,2,Private Insurance,2,3298
Massachusetts,2,Self Pay,3,54
Massachusetts,2,Other,4,151
Massachusetts,2,Unknown or Not Stated,9,31
Massachusetts,3,Medicaid,1,1658
Massachusetts,3,Private Insurance,2,3766
Massachusetts,3,Self Pay,3,44
Massachusetts,3,Other,4,197
Massachusetts,3,Unknown or Not Stated,9,37
Massachusetts,4,Medicaid,1,1677
Massachusetts,4,Private Insurance,2,3618
Massachusetts,4,Self Pay,3,95
Massachusetts,4,Other,4,137
Massachusetts,4,Unknown or Not Stated,9,34
Massachusetts,5,Medicaid,1,1772
Massachusetts,5,Private Insurance,2,3878
Massachusetts,5,Self Pay,3,58
Massachusetts,5,Other,4,139
Massachusetts,5,Unknown or Not Stated,9,29
Massachusetts,6,Medicaid,1,1761
Massachusetts,6,Private Insurance,2,3627
Massachusetts,6,Self Pay,3,89
Massachusetts,6,Other,4,163
Massachusetts,6,Unknown or Not Stated,9,39
Massachusetts,7,Medicaid,1,1884
Massachusetts,7,Private Insurance,2,3824
Massachusetts,7,Self Pay,3,72
Massachusetts,7,Other,4,189
Massachusetts,7,Unknown or Not Stated,9,33
Massachusetts,8,Medicaid,1,1926
Massachusetts,8,Private Insurance,2,3885
Massachusetts,8,Self Pay,3,63
Massachusetts,8,Other,4,165
Massachusetts,8,Unknown or Not Stated,9,32
Massachusetts,9,Medicaid,1,1763
Massachusetts,9,Private Insurance,2,3636
Massachusetts,9,Self Pay,3,49
Massachusetts,9,Other,4,192
Massachusetts,9,Unknown or Not Stated,9,30
Massachusetts,10,Medicaid,1,1777
Massachusetts,10,Private Insurance,2,3711
Massachusetts,10,Self Pay,3,77
Massachusetts,10,Other,4,142
Massachusetts,10,Unknown or Not Stated,9,122
Massachusetts,11,Medicaid,1,1802
Massachusetts,11,Private Insurance,2,3445
Massachusetts,11,Self Pay,3,56
Massachusetts,11,Other,4,137
Massachusetts,11,Unknown or Not Stated,9,69
Massachusetts,12,Medicaid,1,1831
Massachusetts,12,Private Insurance,2,3250
Massachusetts,12,Self Pay,3,66
Massachusetts,12,Other,4,124
Massachusetts,12,Unknown or Not Stated,9,213
Michigan,1,Medicaid,1,3064
Michigan,1,Private Insurance,2,4428
Michigan,1,Self Pay,3,282
Michigan,1,Other,4,118
Michigan,1,Unknown or Not Stated,9,88
Michigan,2,Medicaid,1,2973
Michigan,2,Private Insurance,2,4346
Michigan,2,Self Pay,3,218
Michigan,2,Other,4,125
Michigan,2,Unknown or Not Stated,9,63
Michigan,3,Medicaid,1,3121
Michigan,3,Private Insurance,2,4754
Michigan,3,Self Pay,3,251
Michigan,3,Other,4,147
Michigan,3,Unknown or Not Stated,9,90
Michigan,4,Medicaid,1,2919
Michigan,4,Private Insurance,2,4852
Michigan,4,Self Pay,3,254
Michigan,4,Other,4,124
Michigan,4,Unknown or Not Stated,9,92
Michigan,5,Medicaid,1,3134
Michigan,5,Private Insurance,2,5105
Michigan,5,Self Pay,3,252
Michigan,5,Other,4,139
Michigan,5,Unknown or Not Stated,9,78
Michigan,6,Medicaid,1,2986
Michigan,6,Private Insurance,2,5011
Michigan,6,Self Pay,3,271
Michigan,6,Other,4,143
Michigan,6,Unknown or Not Stated,9,92
Michigan,7,Medicaid,1,3148
Michigan,7,Private Insurance,2,5093
Michigan,7,Self Pay,3,289
Michigan,7,Other,4,139
Michigan,7,Unknown or Not Stated,9,73
Michigan,8,Medicaid,1,3182
Michigan,8,Private Insurance,2,5207
Michigan,8,Self Pay,3,304
Michigan,8,Other,4,159
Michigan,8,Unknown or Not Stated,9,82
Michigan,9,Medicaid,1,3005
Michigan,9,Private Insurance,2,4796
Michigan,9,Self Pay,3,300
Michigan,9,Other,4,109
Michigan,9,Unknown or Not Stated,9,91
Michigan,10,Medicaid,1,3014
Michigan,10,Private Insurance,2,4919
Michigan,10,Self Pay,3,285
Michigan,10,Other,4,160
Michigan,10,Unknown or Not Stated,9,61
Michigan,11,Medicaid,1,2810
Michigan,11,Private Insurance,2,4435
Michigan,11,Self Pay,3,232
Michigan,11,Other,4,82
Michigan,11,Unknown or Not Stated,9,57
Michigan,12,Medicaid,1,2960
Michigan,12,Private Insurance,2,4507
Michigan,12,Self Pay,3,251
Michigan,12,Other,4,97
Michigan,12,Unknown or Not Stated,9,61
Minnesota,1,Medicaid,1,1692
Minnesota,1,Private Insurance,2,2871
Minnesota,1,Self Pay,3,159
Minnesota,1,Other,4,81
Minnesota,1,Unknown or Not Stated,9,16
Minnesota,2,Medicaid,1,1594
Minnesota,2,Private Insurance,2,3033
Minnesota,2,Self Pay,3,171
Minnesota,2,Other,4,78
Minnesota,2,Unknown or Not Stated,9,15
Minnesota,3,Medicaid,1,1734
Minnesota,3,Private Insurance,2,3045
Minnesota,3,Self Pay,3,201
Minnesota,3,Other,4,96
Minnesota,3,Unknown or Not Stated,9,20
Minnesota,4,Medicaid,1,1696
Minnesota,4,Private Insurance,2,3212
Minnesota,4,Self Pay,3,153
Minnesota,4,Other,4,75
Minnesota,4,Unknown or Not Stated,9,12
Minnesota,5,Medicaid,1,1723
Minnesota,5,Private Insurance,2,3424
Minnesota,5,Self Pay,3,154
Minnesota,5,Other,4,106
Minnesota,5,Unknown or Not Stated,9,18
Minnesota,6,Medicaid,1,1671
Minnesota,6,Private Insurance,2,3165
Minnesota,6,Self Pay,3,162
Minnesota,6,Other,4,83
Minnesota,6,Unknown or Not Stated,9,11
Minnesota,7,Medicaid,1,1755
Minnesota,7,Private Insurance,2,3326
Minnesota,7,Self Pay,3,169
Minnesota,7,Other,4,90
Minnesota,7,Unknown or Not Stated,9,13
Minnesota,8,Medicaid,1,1826
Minnesota,8,Private Insurance,2,3401
Minnesota,8,Self Pay,3,194
Minnesota,8,Other,4,88
Minnesota,8,Unknown or Not Stated,9,16
Minnesota,9,Medicaid,1,1797
Minnesota,9,Private Insurance,2,3056
Minnesota,9,Self Pay,3,181
Minnesota,9,Other,4,78
Minnesota,9,Unknown or Not Stated,9,27
Minnesota,10,Medicaid,1,1799
Minnesota,10,Private Insurance,2,3288
Minnesota,10,Self Pay,3,182
Minnesota,10,Other,4,77
Minnesota,10,Unknown or Not Stated,9,16
Minnesota,11,Medicaid,1,1738
Minnesota,11,Private Insurance,2,2944
Minnesota,11,Self Pay,3,159
Minnesota,11,Other,4,71
Minnesota,12,Medicaid,1,1910
Minnesota,12,Private Insurance,2,3071
Minnesota,12,Self Pay,3,174
Minnesota,12,Other,4,72
Minnesota,12,Unknown or Not Stated,9,12
Mississippi,1,Medicaid,1,1533
Mississippi,1,Private Insurance,2,1106
Mississippi,1,Self Pay,3,158
Mississippi,1,Other,4,29
Mississippi,2,Medicaid,1,1489
Mississippi,2,Private Insurance,2,1074
Mississippi,2,Self Pay,3,117
Mississippi,2,Other,4,29
Mississippi,3,Medicaid,1,1437
Mississippi,3,Private Insurance,2,1132
Mississippi,3,Self Pay,3,161
Mississippi,3,Other,4,29
Mississippi,4,Medicaid,1,1327
Mississippi,4,Private Insurance,2,1009
Mississippi,4,Self Pay,3,107
Mississippi,4,Other,4,23
Mississippi,5,Medicaid,1,1419
Mississippi,5,Private Insurance,2,1080
Mississippi,5,Self Pay,3,138
Mississippi,5,Other,4,22
Mississippi,6,Medicaid,1,1453
Mississippi,6,Private Insurance,2,1084
Mississippi,6,Self Pay,3,156
Mississippi,6,Other,4,20
Mississippi,7,Medicaid,1,1607
Mississippi,7,Private Insurance,2,1226
Mississippi,7,Self Pay,3,166
Mississippi,7,Other,4,18
Mississippi,8,Medicaid,1,1575
Mississippi,8,Private Insurance,2,1168
Mississippi,8,Self Pay,3,154
Mississippi,8,Other,4,33
Mississippi,9,Medicaid,1,1538
Mississippi,9,Private Insurance,2,1090
Mississippi,9,Self Pay,3,153
Mississippi,9,Other,4,39
Mississippi,10,Medicaid,1,1494
Mississippi,10,Private Insurance,2,1223
Mississippi,10,Self Pay,3,174
Mississippi,10,Other,4,48
Mississippi,11,Medicaid,1,1451
Mississippi,11,Private Insurance,2,1062
Mississippi,11,Self Pay,3,161
Mississippi,11,Other,4,27
Mississippi,12,Medicaid,1,1563
Mississippi,12,Private Insurance,2,1138
Mississippi,12,Self Pay,3,145
Mississippi,12,Other,4,33
Missouri,1,Medicaid,1,2358
Missouri,1,Private Insurance,2,2923
Missouri,1,Self Pay,3,274
Missouri,1,Other,4,97
Missouri,1,Unknown or Not Stated,9,59
Missouri,2,Medicaid,1,2115
Missouri,2,Private Insurance,2,2881
Missouri,2,Self Pay,3,264
Missouri,2,Other,4,88
Missouri,2,Unknown or Not Stated,9,53
Missouri,3,Medicaid,1,2080
Missouri,3,Private Insurance,2,3016
Missouri,3,Self Pay,3,258
Missouri,3,Other,4,97
Missouri,3,Unknown or Not Stated,9,57
Missouri,4,Medicaid,1,2031
Missouri,4,Private Insurance,2,3029
Missouri,4,Self Pay,3,267
Missouri,4,Other,4,87
Missouri,4,Unknown or Not Stated,9,45
Missouri,5,Medicaid,1,2161
Missouri,5,Private Insurance,2,3084
Missouri,5,Self Pay,3,287
Missouri,5,Other,4,111
Missouri,5,Unknown or Not Stated,9,48
Missouri,6,Medicaid,1,2112
Missouri,6,Private Insurance,2,2944
Missouri,6,Self Pay,3,270
Missouri,6,Other,4,95
Missouri,6,Unknown or Not Stated,9,52
Missouri,7,Medicaid,1,2257
Missouri,7,Private Insurance,2,3231
Missouri,7,Self Pay,3,286
Missouri,7,Other,4,108
Missouri,7,Unknown or Not Stated,9,47
Missouri,8,Medicaid,1,2274
Missouri,8,Private Insurance,2,3353
Missouri,8,Self Pay,3,323
Missouri,8,Other,4,85
Missouri,8,Unknown or Not Stated,9,57
Missouri,9,Medicaid,1,2224
Missouri,9,Private Insurance,2,3150
Missouri,9,Self Pay,3,283
Missouri,9,Other,4,99
Missouri,9,Unknown or Not Stated,9,61
Missouri,10,Medicaid,1,2225
Missouri,10,Private Insurance,2,3245
Missouri,10,Self Pay,3,294
Missouri,10,Other,4,85
Missouri,10,Unknown or Not Stated,9,55
Missouri,11,Medicaid,1,2034
Missouri,11,Private Insurance,2,2909
Missouri,11,Self Pay,3,236
Missouri,11,Other,4,91
Missouri,11,Unknown or Not Stated,9,56
Missouri,12,Medicaid,1,2148
Missouri,12,Private Insurance,2,2896
Missouri,12,Self Pay,3,213
Missouri,12,Other,4,110
Missouri,12,Unknown or Not Stated,9,63
Montana,1,Medicaid,1,269
Montana,1,Private Insurance,2,461
Montana,1,Self Pay,3,99
Montana,1,Other,4,55
Montana,2,Medicaid,1,280
Montana,2,Private Insurance,2,473
Montana,2,Self Pay,3,110
Montana,2,Other,4,49
Montana,3,Medicaid,1,293
Montana,3,Private Insurance,2,511
Montana,3,Self Pay,3,83
Montana,3,Other,4,65
Montana,4,Medicaid,1,302
Montana,4,Private Insurance,2,503
Montana,4,Self Pay,3,91
Montana,4,Other,4,44
Montana,5,Medicaid,1,348
Montana,5,Private Insurance,2,553
Montana,5,Self Pay,3,103
Montana,5,Other,4,51
Montana,6,Medicaid,1,315
Montana,6,Private Insurance,2,495
Montana,6,Self Pay,3,66
Montana,6,Other,4,41
Montana,7,Medicaid,1,276
Montana,7,Private Insurance,2,521
Montana,7,Self Pay,3,88
Montana,7,Other,4,65
Montana,8,Medicaid,1,293
Montana,8,Private Insurance,2,547
Montana,8,Self Pay,3,96
Montana,8,Other,4,58
Montana,9,Medicaid,1,310
Montana,9,Private Insurance,2,532
Montana,9,Self Pay,3,100
Montana,9,Other,4,54
Montana,10,Medicaid,1,248
Montana,10,Private Insurance,2,512
Montana,10,Self Pay,3,84
Montana,10,Other,4,45
Montana,11,Medicaid,1,245
Montana,11,Private Insurance,2,469
Montana,11,Self Pay,3,98
Montana,11,Other,4,46
Montana,12,Medicaid,1,296
Montana,12,Private Insurance,2,516
Montana,12,Self Pay,3,84
Montana,12,Other,4,61
Nebraska,1,Medicaid,1,796
Nebraska,1,Private Insurance,2,1078
Nebraska,1,Self Pay,3,92
Nebraska,1,Other,4,57
Nebraska,1,Unknown or Not Stated,9,12
Nebraska,2,Medicaid,1,774
Nebraska,2,Private Insurance,2,1127
Nebraska,2,Self Pay,3,48
Nebraska,2,Other,4,60
Nebraska,3,Medicaid,1,726
Nebraska,3,Private Insurance,2,1143
Nebraska,3,Self Pay,3,55
Nebraska,3,Other,4,65
Nebraska,3,Unknown or Not Stated,9,15
Nebraska,4,Medicaid,1,760
Nebraska,4,Private Insurance,2,1161
Nebraska,4,Self Pay,3,66
Nebraska,4,Other,4,59
Nebraska,5,Medicaid,1,846
Nebraska,5,Private Insurance,2,1257
Nebraska,5,Self Pay,3,61
Nebraska,5,Other,4,52
Nebraska,6,Medicaid,1,778
Nebraska,6,Private Insurance,2,1121
Nebraska,6,Self Pay,3,66
Nebraska,6,Other,4,56
Nebraska,7,Medicaid,1,777
Nebraska,7,Private Insurance,2,1228
Nebraska,7,Self Pay,3,54
Nebraska,7,Other,4,57
Nebraska,7,Unknown or Not Stated,9,13
Nebraska,8,Medicaid,1,787
Nebraska,8,Private Insurance,2,1212
Nebraska,8,Self Pay,3,61
Nebraska,8,Other,4,53
Nebraska,8,Unknown or Not Stated,9,17
Nebraska,9,Medicaid,1,830
Nebraska,9,Private Insurance,2,1115
Nebraska,9,Self Pay,3,54
Nebraska,9,Other,4,51
Nebraska,9,Unknown or Not Stated,9,17
Nebraska,10,Medicaid,1,802
Nebraska,10,Private Insurance,2,1219
Nebraska,10,Self Pay,3,60
Nebraska,10,Other,4,60
Nebraska,11,Medicaid,1,713
Nebraska,11,Private Insurance,2,1084
Nebraska,11,Self Pay,3,43
Nebraska,11,Other,4,60
Nebraska,12,Medicaid,1,726
Nebraska,12,Private Insurance,2,1129
Nebraska,12,Self Pay,3,42
Nebraska,12,Other,4,53
Nebraska,12,Unknown or Not Stated,9,15
Nevada,1,Medicaid,1,1061
Nevada,1,Private Insurance,2,1381
Nevada,1,Self Pay,3,74
Nevada,1,Other,4,70
Nevada,2,Medicaid,1,1112
Nevada,2,Private Insurance,2,1297
Nevada,2,Self Pay,3,74
Nevada,2,Other,4,89
Nevada,3,Medicaid,1,1098
Nevada,3,Private Insurance,2,1368
Nevada,3,Self Pay,3,79
Nevada,3,Other,4,94
Nevada,4,Medicaid,1,1026
Nevada,4,Private Insurance,2,1322
Nevada,4,Self Pay,3,73
Nevada,4,Other,4,102
Nevada,5,Medicaid,1,1057
Nevada,5,Private Insurance,2,1347
Nevada,5,Self Pay,3,72
Nevada,5,Other,4,110
Nevada,6,Medicaid,1,1125
Nevada,6,Private Insurance,2,1365
Nevada,6,Self Pay,3,72
Nevada,6,Other,4,80
Nevada,7,Medicaid,1,1136
Nevada,7,Private Insurance,2,1436
Nevada,7,Self Pay,3,79
Nevada,7,Other,4,101
Nevada,8,Medicaid,1,1193
Nevada,8,Private Insurance,2,1458
Nevada,8,Self Pay,3,67
Nevada,8,Other,4,124
Nevada,9,Medicaid,1,1190
Nevada,9,Private Insurance,2,1458
Nevada,9,Self Pay,3,80
Nevada,9,Other,4,92
Nevada,10,Medicaid,1,1187
Nevada,10,Private Insurance,2,1467
Nevada,10,Self Pay,3,91
Nevada,10,Other,4,100
Nevada,11,Medicaid,1,1134
Nevada,11,Private Insurance,2,1344
Nevada,11,Self Pay,3,82
Nevada,11,Other,4,113
Nevada,12,Medicaid,1,1177
Nevada,12,Private Insurance,2,1464
Nevada,12,Self Pay,3,54
Nevada,12,Other,4,118
New Hampshire,1,Medicaid,1,206
New Hampshire,1,Private Insurance,2,675
New Hampshire,1,Self Pay,3,33
New Hampshire,1,Other,4,22
New Hampshire,2,Medicaid,1,212
New Hampshire,2,Private Insurance,2,690
New Hampshire,2,Self Pay,3,38
New Hampshire,2,Other,4,29
New Hampshire,3,Medicaid,1,192
New Hampshire,3,Private Insurance,2,679
New Hampshire,3,Self Pay,3,37
New Hampshire,3,Other,4,27
New Hampshire,4,Medicaid,1,206
New Hampshire,4,Private Insurance,2,682
New Hampshire,4,Self Pay,3,31
New Hampshire,4,Other,4,23
New Hampshire,5,Medicaid,1,187
New Hampshire,5,Private Insurance,2,705
New Hampshire,5,Self Pay,3,38
New Hampshire,5,Other,4,33
New Hampshire,6,Medicaid,1,202
New Hampshire,6,Private Insurance,2,718
New Hampshire,6,Self Pay,3,23
New Hampshire,6,Other,4,36
New Hampshire,7,Medicaid,1,200
New Hampshire,7,Private Insurance,2,764
New Hampshire,7,Self Pay,3,43
New Hampshire,7,Other,4,44
New Hampshire,7,Unknown or Not Stated,9,10
New Hampshire,8,Medicaid,1,203
New Hampshire,8,Private Insurance,2,747
New Hampshire,8,Self Pay,3,36
New Hampshire,8,Other,4,35
New Hampshire,9,Medicaid,1,224
New Hampshire,9,Private Insurance,2,718
New Hampshire,9,Self Pay,3,29
New Hampshire,9,Other,4,30
New Hampshire,10,Medicaid,1,197
New Hampshire,10,Private Insurance,2,710
New Hampshire,10,Self Pay,3,33
New Hampshire,10,Other,4,32
New Hampshire,11,Medicaid,1,198
New Hampshire,11,Private Insurance,2,715
New Hampshire,11,Self Pay,3,37
New Hampshire,11,Other,4,37
New Hampshire,12,Medicaid,1,205
New Hampshire,12,Private Insurance,2,698
New Hampshire,12,Self Pay,3,31
New Hampshire,12,Other,4,29
New Jersey,1,Medicaid,1,2590
New Jersey,1,Private Insurance,2,5117
New Jersey,1,Self Pay,3,520
New Jersey,1,Other,4,88
New Jersey,1,Unknown or Not Stated,9,16
New Jersey,2,Medicaid,1,2481
New Jersey,2,Private Insurance,2,4900
New Jersey,2,Self Pay,3,420
New Jersey,2,Other,4,70
New Jersey,2,Unknown or Not Stated,9,22
New Jersey,3,Medicaid,1,2515
New Jersey,3,Private Insurance,2,5290
New Jersey,3,Self Pay,3,536
New Jersey,3,Other,4,81
New Jersey,3,Unknown or Not Stated,9,14
New Jersey,4,Medicaid,1,2435
New Jersey,4,Private Insurance,2,5169
New Jersey,4,Self Pay,3,456
New Jersey,4,Other,4,83
New Jersey,5,Medicaid,1,2465
New Jersey,5,Private Insurance,2,5548
New Jersey,5,Self Pay,3,461
New Jersey,5,Other,4,76
New Jersey,5,Unknown or Not Stated,9,16
New Jersey,6,Medicaid,1,2348
New Jersey,6,Private Insurance,2,5203
New Jersey,6,Self Pay,3,465
New Jersey,6,Other,4,82
New Jersey,6,Unknown or Not Stated,9,12
New Jersey,7,Medicaid,1,2550
New Jersey,7,Private Insurance,2,5718
New Jersey,7,Self Pay,3,588
New Jersey,7,Other,4,93
New Jersey,7,Unknown or Not Stated,9,27
New Jersey,8,Medicaid,1,2583
New Jersey,8,Private Insurance,2,5876
New Jersey,8,Self Pay,3,571
New Jersey,8,Other,4,112
New Jersey,8,Unknown or Not Stated,9,23
New Jersey,9,Medicaid,1,2408
New Jersey,9,Private Insurance,2,5389
New Jersey,9,Self Pay,3,586
New Jersey,9,Other,4,98
New Jersey,9,Unknown or Not Stated,9,24
New Jersey,10,Medicaid,1,2414
New Jersey,10,Private Insurance,2,5571
New Jersey,10,Self Pay,3,575
New Jersey,10,Other,4,97
New Jersey,10,Unknown or Not Stated,9,37
New Jersey,11,Medicaid,1,2299
New Jersey,11,Private Insurance,2,5155
New Jersey,11,Self Pay,3,512
New Jersey,11,Other,4,125
New Jersey,11,Unknown or Not Stated,9,26
New Jersey,12,Medicaid,1,2490
New Jersey,12,Private Insurance,2,5236
New Jersey,12,Self Pay,3,524
New Jersey,12,Other,4,116
New Jersey,12,Unknown or Not Stated,9,34
New Mexico,1,Medicaid,1,955
New Mexico,1,Private Insurance,2,559
New Mexico,1,Self Pay,3,148
New Mexico,1,Other,4,100
New Mexico,2,Medicaid,1,894
New Mexico,2,Private Insurance,2,549
New Mexico,2,Self Pay,3,112
New Mexico,2,Other,4,100
New Mexico,3,Medicaid,1,931
New Mexico,3,Private Insurance,2,547
New Mexico,3,Self Pay,3,152
New Mexico,3,Other,4,118
New Mexico,3,Unknown or Not Stated,9,14
New Mexico,4,Medicaid,1,960
New Mexico,4,Private Insurance,2,517
New Mexico,4,Self Pay,3,118
New Mexico,4,Other,4,113
New Mexico,5,Medicaid,1,878
New Mexico,5,Private Insurance,2,557
New Mexico,5,Self Pay,3,117
New Mexico,5,Other,4,99
New Mexico,6,Medicaid,1,949
New Mexico,6,Private Insurance,2,509
New Mexico,6,Self Pay,3,153
New Mexico,6,Other,4,98
New Mexico,7,Medicaid,1,984
New Mexico,7,Private Insurance,2,571
New Mexico,7,Self Pay,3,148
New Mexico,7,Other,4,126
New Mexico,8,Medicaid,1,1021
New Mexico,8,Private Insurance,2,626
New Mexico,8,Self Pay,3,120
New Mexico,8,Other,4,137
New Mexico,8,Unknown or Not Stated,9,10
New Mexico,9,Medicaid,1,979
New Mexico,9,Private Insurance,2,605
New Mexico,9,Self Pay,3,146
New Mexico,9,Other,4,149
New Mexico,9,Unknown or Not Stated,9,12
New Mexico,10,Medicaid,1,895
New Mexico,10,Private Insurance,2,607
New Mexico,10,Self Pay,3,136
New Mexico,10,Other,4,114
New Mexico,10,Unknown or Not Stated,9,13
New Mexico,11,Medicaid,1,793
New Mexico,11,Private Insurance,2,504
New Mexico,11,Self Pay,3,90
New Mexico,11,Other,4,99
New Mexico,12,Medicaid,1,525
New Mexico,12,Private Insurance,2,395
New Mexico,12,Self Pay,3,80
New Mexico,12,Other,4,118
New York,1,Medicaid,1,8458
New York,1,Private Insurance,2,7584
New York,1,Self Pay,3,217
New York,1,Other,4,521
New York,1,Unknown or Not Stated,9,106
New York,2,Medicaid,1,7998
New York,2,Private Insurance,2,7483
New York,2,Self Pay,3,183
New York,2,Other,4,435
New York,2,Unknown or Not Stated,9,108
New York,3,Medicaid,1,8326
New York,3,Private Insurance,2,7902
New York,3,Self Pay,3,211
New York,3,Other,4,528
New York,3,Unknown or Not Stated,9,67
New York,4,Medicaid,1,7754
New York,4,Private Insurance,2,8071
New York,4,Self Pay,3,213
New York,4,Other,4,472
New York,4,Unknown or Not Stated,9,82
New York,5,Medicaid,1,8301
New York,5,Private Insurance,2,8648
New York,5,Self Pay,3,201
New York,5,Other,4,538
New York,5,Unknown or Not Stated,9,94
New York,6,Medicaid,1,7748
New York,6,Private Insurance,2,8152
New York,6,Self Pay,3,178
New York,6,Other,4,521
New York,6,Unknown or Not Stated,9,83
New York,7,Medicaid,1,8454
New York,7,Private Insurance,2,8652
New York,7,Self Pay,3,210
New York,7,Other,4,625
New York,7,Unknown or Not Stated,9,87
New York,8,Medicaid,1,8453
New York,8,Private Insurance,2,8784
New York,8,Self Pay,3,196
New York,8,Other,4,624
New York,8,Unknown or Not Stated,9,112
New York,9,Medicaid,1,8270
New York,9,Private Insurance,2,7903
New York,9,Self Pay,3,201
New York,9,Other,4,580
New York,9,Unknown or Not Stated,9,92
New York,10,Medicaid,1,8290
New York,10,Private Insurance,2,8114
New York,10,Self Pay,3,201
New York,10,Other,4,567
New York,10,Unknown or Not Stated,9,75
New York,11,Medicaid,1,7920
New York,11,Private Insurance,2,7777
New York,11,Self Pay,3,178
New York,11,Other,4,594
New York,11,Unknown or Not Stated,9,100
New York,12,Medicaid,1,7930
New York,12,Private Insurance,2,7619
New York,12,Self Pay,3,156
New York,12,Other,4,586
New York,12,Unknown or Not Stated,9,89
North Carolina,1,Medicaid,1,3683
North Carolina,1,Private Insurance,2,5074
North Carolina,1,Self Pay,3,930
North Carolina,1,Other,4,457
North Carolina,1,Unknown or Not Stated,9,38
North Carolina,2,Medicaid,1,3516
North Carolina,2,Private Insurance,2,4727
North Carolina,2,Self Pay,3,848
North Carolina,2,Other,4,415
North Carolina,2,Unknown or Not Stated,9,29
North Carolina,3,Medicaid,1,3663
North Carolina,3,Private Insurance,2,4921
North Carolina,3,Self Pay,3,908
North Carolina,3,Other,4,457
North Carolina,3,Unknown or Not Stated,9,46
North Carolina,4,Medicaid,1,3443
North Carolina,4,Private Insurance,2,5041
North Carolina,4,Self Pay,3,808
North Carolina,4,Other,4,455
North Carolina,4,Unknown or Not Stated,9,39
North Carolina,5,Medicaid,1,3671
North Carolina,5,Private Insurance,2,5232
North Carolina,5,Self Pay,3,913
North Carolina,5,Other,4,418
North Carolina,5,Unknown or Not Stated,9,37
North Carolina,6,Medicaid,1,3588
North Carolina,6,Private Insurance,2,4866
North Carolina,6,Self Pay,3,909
North Carolina,6,Other,4,408
North Carolina,6,Unknown or Not Stated,9,34
North Carolina,7,Medicaid,1,3846
North Carolina,7,Private Insurance,2,5475
North Carolina,7,Self Pay,3,977
North Carolina,7,Other,4,447
North Carolina,7,Unknown or Not Stated,9,46
North Carolina,8,Medicaid,1,3784
North Carolina,8,Private Insurance,2,5700
North Carolina,8,Self Pay,3,1049
North Carolina,8,Other,4,457
North Carolina,8,Unknown or Not Stated,9,52
North Carolina,9,Medicaid,1,3764
North Carolina,9,Private Insurance,2,5225
North Carolina,9,Self Pay,3,996
North Carolina,9,Other,4,488
North Carolina,9,Unknown or Not Stated,9,36
North Carolina,10,Medicaid,1,3560
North Carolina,10,Private Insurance,2,5373
North Carolina,10,Self Pay,3,958
North Carolina,10,Other,4,504
North Carolina,10,Unknown or Not Stated,9,38
North Carolina,11,Medicaid,1,3481
North Carolina,11,Private Insurance,2,4927
North Carolina,11,Self Pay,3,932
North Carolina,11,Other,4,540
North Carolina,11,Unknown or Not Stated,9,39
North Carolina,12,Medicaid,1,3771
North Carolina,12,Private Insurance,2,5105
North Carolina,12,Self Pay,3,923
North Carolina,12,Other,4,538
North Carolina,12,Unknown or Not Stated,9,27
North Dakota,1,Medicaid,1,184
North Dakota,1,Private Insurance,2,492
North Dakota,1,Self Pay,3,22
North Dakota,1,Other,4,75
North Dakota,1,Unknown or Not Stated,9,13
North Dakota,2,Medicaid,1,190
North Dakota,2,Private Insurance,2,448
North Dakota,2,Self Pay,3,25
North Dakota,2,Other,4,73
North Dakota,2,Unknown or Not Stated,9,11
North Dakota,3,Medicaid,1,188
North Dakota,3,Private Insurance,2,511
North Dakota,3,Self Pay,3,23
North Dakota,3,Other,4,75
North Dakota,3,Unknown or Not Stated,9,15
North Dakota,4,Medicaid,1,178
North Dakota,4,Private Insurance,2,514
North Dakota,4,Self Pay,3,30
North Dakota,4,Other,4,78
North Dakota,4,Unknown or Not Stated,9,11
North Dakota,5,Medicaid,1,171
North Dakota,5,Private Insurance,2,523
North Dakota,5,Self Pay,3,36
North Dakota,5,Other,4,86
North Dakota,5,Unknown or Not Stated,9,16
North Dakota,6,Medicaid,1,177
North Dakota,6,Private Insurance,2,498
North Dakota,6,Self Pay,3,32
North Dakota,6,Other,4,88
North Dakota,6,Unknown or Not Stated,9,14
North Dakota,7,Medicaid,1,189
North Dakota,7,Private Insurance,2,549
North Dakota,7,Self Pay,3,38
North Dakota,7,Other,4,90
North Dakota,7,Unknown or Not Stated,9,15
North Dakota,8,Medicaid,1,203
North Dakota,8,Private Insurance,2,533
North Dakota,8,Self Pay,3,30
North Dakota,8,Other,4,84
North Dakota,9,Medicaid,1,183
North Dakota,9,Private Insurance,2,454
North Dakota,9,Self Pay,3,23
North Dakota,9,Other,4,84
North Dakota,9,Unknown or Not Stated,9,13
North Dakota,10,Medicaid,1,191
North Dakota,10,Private Insurance,2,501
North Dakota,10,Self Pay,3,32
North Dakota,10,Other,4,77
North Dakota,10,Unknown or Not Stated,9,20
North Dakota,11,Medicaid,1,163
North Dakota,11,Private Insurance,2,476
North Dakota,11,Self Pay,3,30
North Dakota,11,Other,4,66
North Dakota,12,Medicaid,1,200
North Dakota,12,Private Insurance,2,471
North Dakota,12,Self Pay,3,18
North Dakota,12,Other,4,72
Ohio,1,Medicaid,1,4000
Ohio,1,Private Insurance,2,5132
Ohio,1,Self Pay,3,747
Ohio,1,Other,4,311
Ohio,1,Unknown or Not Stated,9,44
Ohio,2,Medicaid,1,3793
Ohio,2,Private Insurance,2,5184
Ohio,2,Self Pay,3,689
Ohio,2,Other,4,303
Ohio,2,Unknown or Not Stated,9,43
Ohio,3,Medicaid,1,3935
Ohio,3,Private Insurance,2,5506
Ohio,3,Self Pay,3,719
Ohio,3,Other,4,283
Ohio,3,Unknown or Not Stated,9,45
Ohio,4,Medicaid,1,3769
Ohio,4,Private Insurance,2,5521
Ohio,4,Self Pay,3,716
Ohio,4,Other,4,259
Ohio,4,Unknown or Not Stated,9,44
Ohio,5,Medicaid,1,4022
Ohio,5,Private Insurance,2,5656
Ohio,5,Self Pay,3,799
Ohio,5,Other,4,323
Ohio,5,Unknown or Not Stated,9,35
Ohio,6,Medicaid,1,3846
Ohio,6,Private Insurance,2,5660
Ohio,6,Self Pay,3,756
Ohio,6,Other,4,313
Ohio,6,Unknown or Not Stated,9,52
Ohio,7,Medicaid,1,4060
Ohio,7,Private Insurance,2,6033
Ohio,7,Self Pay,3,788
Ohio,7,Other,4,277
Ohio,7,Unknown or Not Stated,9,37
Ohio,8,Medicaid,1,4102
Ohio,8,Private Insurance,2,6028
Ohio,8,Self Pay,3,770
Ohio,8,Other,4,348
Ohio,8,Unknown or Not Stated,9,45
Ohio,9,Medicaid,1,3785
Ohio,9,Private Insurance,2,5695
Ohio,9,Self Pay,3,757
Ohio,9,Other,4,329
Ohio,9,Unknown or Not Stated,9,44
Ohio,10,Medicaid,1,3809
Ohio,10,Private Insurance,2,5911
Ohio,10,Self Pay,3,771
Ohio,10,Other,4,295
Ohio,10,Unknown or Not Stated,9,62
Ohio,11,Medicaid,1,3570
Ohio,11,Private Insurance,2,5194
Ohio,11,Self Pay,3,730
Ohio,11,Other,4,284
Ohio,11,Unknown or Not Stated,9,43
Ohio,12,Medicaid,1,3743
Ohio,12,Private Insurance,2,5523
Ohio,12,Self Pay,3,695
Ohio,12,Other,4,362
Ohio,12,Unknown or Not Stated,9,51
Oklahoma,1,Medicaid,1,2069
Oklahoma,1,Private Insurance,2,1520
Oklahoma,1,Self Pay,3,165
Oklahoma,1,Other,4,142
Oklahoma,1,Unknown or Not Stated,9,15
Oklahoma,2,Medicaid,1,1900
Oklahoma,2,Private Insurance,2,1512
Oklahoma,2,Self Pay,3,135
Oklahoma,2,Other,4,139
Oklahoma,2,Unknown or Not Stated,9,11
Oklahoma,3,Medicaid,1,1941
Oklahoma,3,Private Insurance,2,1625
Oklahoma,3,Self Pay,3,121
Oklahoma,3,Other,4,194
Oklahoma,3,Unknown or Not Stated,9,15
Oklahoma,4,Medicaid,1,1813
Oklahoma,4,Private Insurance,2,1750
Oklahoma,4,Self Pay,3,108
Oklahoma,4,Other,4,161
Oklahoma,4,Unknown or Not Stated,9,11
Oklahoma,5,Medicaid,1,1901
Oklahoma,5,Private Insurance,2,1789
Oklahoma,5,Self Pay,3,132
Oklahoma,5,Other,4,154
Oklahoma,5,Unknown or Not Stated,9,24
Oklahoma,6,Medicaid,1,1862
Oklahoma,6,Private Insurance,2,1642
Oklahoma,6,Self Pay,3,132
Oklahoma,6,Other,4,135
Oklahoma,6,Unknown or Not Stated,9,13
Oklahoma,7,Medicaid,1,2122
Oklahoma,7,Private Insurance,2,1850
Oklahoma,7,Self Pay,3,153
Oklahoma,7,Other,4,171
Oklahoma,7,Unknown or Not Stated,9,14
Oklahoma,8,Medicaid,1,2140
Oklahoma,8,Private Insurance,2,1776
Oklahoma,8,Self Pay,3,147
Oklahoma,8,Other,4,210
Oklahoma,8,Unknown or Not Stated,9,30
Oklahoma,9,Medicaid,1,2046
Oklahoma,9,Private Insurance,2,1706
Oklahoma,9,Self Pay,3,149
Oklahoma,9,Other,4,154
Oklahoma,9,Unknown or Not Stated,9,29
Oklahoma,10,Medicaid,1,1999
Oklahoma,10,Private Insurance,2,1767
Oklahoma,10,Self Pay,3,149
Oklahoma,10,Other,4,206
Oklahoma,10,Unknown or Not Stated,9,24
Oklahoma,11,Medicaid,1,1868
Oklahoma,11,Private Insurance,2,1597
Oklahoma,11,Self Pay,3,146
Oklahoma,11,Other,4,169
Oklahoma,11,Unknown or Not Stated,9,23
Oklahoma,12,Medicaid,1,2028
Oklahoma,12,Private Insurance,2,1777
Oklahoma,12,Self Pay,3,136
Oklahoma,12,Other,4,177
Oklahoma,12,Unknown or Not Stated,9,39
Oregon,1,Medicaid,1,1457
Oregon,1,Private Insurance,2,1545
Oregon,1,Self Pay,3,73
Oregon,1,Other,4,34
Oregon,1,Unknown or Not Stated,9,21
Oregon,2,Medicaid,1,1359
Oregon,2,Private Insurance,2,1452
Oregon,2,Self Pay,3,53
Oregon,2,Other,4,37
Oregon,2,Unknown or Not Stated,9,12
Oregon,3,Medicaid,1,1444
Oregon,3,Private Insurance,2,1694
Oregon,3,Self Pay,3,73
Oregon,3,Other,4,42
Oregon,3,Unknown or Not Stated,9,21
Oregon,4,Medicaid,1,1394
Oregon,4,Private Insurance,2,1670
Oregon,4,Self Pay,3,79
Oregon,4,Other,4,27
Oregon,4,Unknown or Not Stated,9,18
Oregon,5,Medicaid,1,1469
Oregon,5,Private Insurance,2,1735
Oregon,5,Self Pay,3,80
Oregon,5,Other,4,41
Oregon,5,Unknown or Not Stated,9,21
Oregon,6,Medicaid,1,1451
Oregon,6,Private Insurance,2,1695
Oregon,6,Self Pay,3,65
Oregon,6,Other,4,35
Oregon,6,Unknown or Not Stated,9,13
Oregon,7,Medicaid,1,1566
Oregon,7,Private Insurance,2,1830
Oregon,7,Self Pay,3,70
Oregon,7,Other,4,37
Oregon,7,Unknown or Not Stated,9,16
Oregon,8,Medicaid,1,1565
Oregon,8,Private Insurance,2,1755
Oregon,8,Self Pay,3,54
Oregon,8,Other,4,43
Oregon,8,Unknown or Not Stated,9,22
Oregon,9,Medicaid,1,1527
Oregon,9,Private Insurance,2,1629
Oregon,9,Self Pay,3,68
Oregon,9,Other,4,41
Oregon,9,Unknown or Not Stated,9,22
Oregon,10,Medicaid,1,1471
Oregon,10,Private Insurance,2,1752
Oregon,10,Self Pay,3,77
Oregon,10,Other,4,40
Oregon,10,Unknown or Not Stated,9,22
Oregon,11,Medicaid,1,1384
Oregon,11,Private Insurance,2,1531
Oregon,11,Self Pay,3,57
Oregon,11,Other,4,25
Oregon,11,Unknown or Not Stated,9,20
Oregon,12,Medicaid,1,752
Oregon,12,Private Insurance,2,1335
Oregon,12,Self Pay,3,45
Oregon,12,Other,4,30
Oregon,12,Unknown or Not Stated,9,19
Pennsylvania,1,Medicaid,1,3918
Pennsylvania,1,Private Insurance,2,5589
Pennsylvania,1,Self Pay,3,693
Pennsylvania,1,Other,4,156
Pennsylvania,1,Unknown or Not Stated,9,305
Pennsylvania,2,Medicaid,1,3475
Pennsylvania,2,Private Insurance,2,5272
Pennsylvania,2,Self Pay,3,617
Pennsylvania,2,Other,4,161
Pennsylvania,2,Unknown or Not Stated,9,294
Pennsylvania,3,Medicaid,1,3756
Pennsylvania,3,Private Insurance,2,5840
Pennsylvania,3,Self Pay,3,727
Pennsylvania,3,Other,4,151
Pennsylvania,3,Unknown or Not Stated,9,287
Pennsylvania,4,Medicaid,1,3404
Pennsylvania,4,Private Insurance,2,5802
Pennsylvania,4,Self Pay,3,636
Pennsylvania,4,Other,4,158
Pennsylvania,4,Unknown or Not Stated,9,321
Pennsylvania,5,Medicaid,1,3550
Pennsylvania,5,Private Insurance,2,6049
Pennsylvania,5,Self Pay,3,654
Pennsylvania,5,Other,4,123
Pennsylvania,5,Unknown or Not Stated,9,344
Pennsylvania,6,Medicaid,1,3605
Pennsylvania,6,Private Insurance,2,5850
Pennsylvania,6,Self Pay,3,665
Pennsylvania,6,Other,4,139
Pennsylvania,6,Unknown or Not Stated,9,286
Pennsylvania,7,Medicaid,1,3742
Pennsylvania,7,Private Insurance,2,6294
Pennsylvania,7,Self Pay,3,682
Pennsylvania,7,Other,4,144
Pennsylvania,7,Unknown or Not Stated,9,321
Pennsylvania,8,Medicaid,1,3815
Pennsylvania,8,Private Insurance,2,6374
Pennsylvania,8,Self Pay,3,764
Pennsylvania,8,Other,4,150
Pennsylvania,8,Unknown or Not Stated,9,292
Pennsylvania,9,Medicaid,1,3502
Pennsylvania,9,Private Insurance,2,6005
Pennsylvania,9,Self Pay,3,746
Pennsylvania,9,Other,4,166
Pennsylvania,9,Unknown or Not Stated,9,279
Pennsylvania,10,Medicaid,1,3617
Pennsylvania,10,Private Insurance,2,5959
Pennsylvania,10,Self Pay,3,676
Pennsylvania,10,Other,4,147
Pennsylvania,10,Unknown or Not Stated,9,263
Pennsylvania,11,Medicaid,1,3505
Pennsylvania,11,Private Insurance,2,5524
Pennsylvania,11,Self Pay,3,600
Pennsylvania,11,Other,4,163
Pennsylvania,11,Unknown or Not Stated,9,244
Pennsylvania,12,Medicaid,1,3581
Pennsylvania,12,Private Insurance,2,5596
Pennsylvania,12,Self Pay,3,645
Pennsylvania,12,Other,4,149
Pennsylvania,12,Unknown or Not Stated,9,286
Rhode Island,1,Medicaid,1,373
Rhode Island,1,Private Insurance,2,417
Rhode Island,1,Other,4,22
Rhode Island,2,Medicaid,1,342
Rhode Island,2,Private Insurance,2,392
Rhode Island,2,Other,4,16
Rhode Island,3,Medicaid,1,382
Rhode Island,3,Private Insurance,2,479
Rhode Island,3,Other,4,17
Rhode Island,4,Medicaid,1,309
Rhode Island,4,Private Insurance,2,476
Rhode Island,4,Other,4,19
Rhode Island,5,Medicaid,1,314
Rhode Island,5,Private Insurance,2,539
Rhode Island,5,Other,4,14
Rhode Island,6,Medicaid,1,309
Rhode Island,6,Private Insurance,2,465
Rhode Island,6,Other,4,21
Rhode Island,7,Medicaid,1,367
Rhode Island,7,Private Insurance,2,477
Rhode Island,7,Other,4,17
Rhode Island,8,Medicaid,1,367
Rhode Island,8,Private Insurance,2,518
Rhode Island,8,Other,4,21
Rhode Island,9,Medicaid,1,360
Rhode Island,9,Private Insurance,2,495
Rhode Island,9,Other,4,28
Rhode Island,10,Medicaid,1,367
Rhode Island,10,Private Insurance,2,486
Rhode Island,10,Other,4,17
Rhode Island,11,Medicaid,1,342
Rhode Island,11,Private Insurance,2,400
Rhode Island,11,Other,4,13
Rhode Island,12,Medicaid,1,335
Rhode Island,12,Private Insurance,2,437
Rhode Island,12,Other,4,14
South Carolina,1,Medicaid,1,2222
South Carolina,1,Private Insurance,2,2056
South Carolina,1,Self Pay,3,250
South Carolina,1,Other,4,344
South Carolina,2,Medicaid,1,2044
South Carolina,2,Private Insurance,2,1923
South Carolina,2,Self Pay,3,216
South Carolina,2,Other,4,303
South Carolina,3,Medicaid,1,2024
South Carolina,3,Private Insurance,2,2118
South Carolina,3,Self Pay,3,268
South Carolina,3,Other,4,348
South Carolina,4,Medicaid,1,1948
South Carolina,4,Private Insurance,2,2035
South Carolina,4,Self Pay,3,248
South Carolina,4,Other,4,334
South Carolina,5,Medicaid,1,2073
South Carolina,5,Private Insurance,2,2138
South Carolina,5,Self Pay,3,252
South Carolina,5,Other,4,362
South Carolina,6,Medicaid,1,2097
South Carolina,6,Private Insurance,2,2079
South Carolina,6,Self Pay,3,234
South Carolina,6,Other,4,338
South Carolina,6,Unknown or Not Stated,9,18
South Carolina,7,Medicaid,1,2361
South Carolina,7,Private Insurance,2,2300
South Carolina,7,Self Pay,3,280
South Carolina,7,Other,4,401
South Carolina,8,Medicaid,1,2338
South Carolina,8,Private Insurance,2,2479
South Carolina,8,Self Pay,3,274
South Carolina,8,Other,4,365
South Carolina,9,Medicaid,1,2002
South Carolina,9,Private Insurance,2,2202
South Carolina,9,Self Pay,3,243
South Carolina,9,Other,4,370
South Carolina,10,Medicaid,1,2097
South Carolina,10,Private Insurance,2,2259
South Carolina,10,Self Pay,3,275
South Carolina,10,Other,4,411
South Carolina,11,Medicaid,1,1949
South Carolina,11,Private Insurance,2,2144
South Carolina,11,Self Pay,3,230
South Carolina,11,Other,4,328
South Carolina,12,Medicaid,1,2150
South Carolina,12,Private Insurance,2,2292
South Carolina,12,Self Pay,3,272
South Carolina,12,Other,4,403
South Carolina,12,Unknown or Not Stated,9,11
South Dakota,1,Medicaid,1,255
South Dakota,1,Private Insurance,2,577
South Dakota,1,Self Pay,3,71
South Dakota,1,Other,4,53
South Dakota,2,Medicaid,1,230
South Dakota,2,Private Insurance,2,509
South Dakota,2,Self Pay,3,63
South Dakota,2,Other,4,63
South Dakota,3,Medicaid,1,269
South Dakota,3,Private Insurance,2,560
South Dakota,3,Self Pay,3,61
South Dakota,3,Other,4,58
South Dakota,4,Medicaid,1,227
South Dakota,4,Private Insurance,2,604
South Dakota,4,Self Pay,3,79
South Dakota,4,Other,4,59
South Dakota,5,Medicaid,1,238
South Dakota,5,Private Insurance,2,677
South Dakota,5,Self Pay,3,75
South Dakota,5,Other,4,53
South Dakota,6,Medicaid,1,210
South Dakota,6,Private Insurance,2,602
South Dakota,6,Self Pay,3,50
South Dakota,6,Other,4,60
South Dakota,7,Medicaid,1,206
South Dakota,7,Private Insurance,2,666
South Dakota,7,Self Pay,3,69
South Dakota,7,Other,4,61
South Dakota,8,Medicaid,1,236
South Dakota,8,Private Insurance,2,623
South Dakota,8,Self Pay,3,77
South Dakota,8,Other,4,70
South Dakota,9,Medicaid,1,265
South Dakota,9,Private Insurance,2,620
South Dakota,9,Self Pay,3,61
South Dakota,9,Other,4,40
South Dakota,10,Medicaid,1,215
South Dakota,10,Private Insurance,2,590
South Dakota,10,Self Pay,3,64
South Dakota,10,Other,4,56
South Dakota,11,Medicaid,1,211
South Dakota,11,Private Insurance,2,532
South Dakota,11,Self Pay,3,69
South Dakota,11,Other,4,61
South Dakota,12,Medicaid,1,238
South Dakota,12,Private Insurance,2,566
South Dakota,12,Self Pay,3,65
South Dakota,12,Other,4,65
Tennessee,1,Medicaid,1,3199
Tennessee,1,Private Insurance,2,3081
Tennessee,1,Self Pay,3,250
Tennessee,1,Other,4,161
Tennessee,1,Unknown or Not Stated,9,65
Tennessee,2,Medicaid,1,2863
Tennessee,2,Private Insurance,2,3177
Tennessee,2,Self Pay,3,232
Tennessee,2,Other,4,184
Tennessee,2,Unknown or Not Stated,9,46
Tennessee,3,Medicaid,1,3184
Tennessee,3,Private Insurance,2,3222
Tennessee,3,Self Pay,3,214
Tennessee,3,Other,4,168
Tennessee,3,Unknown or Not Stated,9,37
Tennessee,4,Medicaid,1,2971
Tennessee,4,Private Insurance,2,3087
Tennessee,4,Self Pay,3,219
Tennessee,4,Other,4,188
Tennessee,4,Unknown or Not Stated,9,46
Tennessee,5,Medicaid,1,3118
Tennessee,5,Private Insurance,2,3209
Tennessee,5,Self Pay,3,217
Tennessee,5,Other,4,206
Tennessee,5,Unknown or Not Stated,9,385
Tennessee,6,Medicaid,1,3225
Tennessee,6,Private Insurance,2,3114
Tennessee,6,Self Pay,3,231
Tennessee,6,Other,4,191
Tennessee,6,Unknown or Not Stated,9,92
Tennessee,7,Medicaid,1,3382
Tennessee,7,Private Insurance,2,3554
Tennessee,7,Self Pay,3,276
Tennessee,7,Other,4,206
Tennessee,7,Unknown or Not Stated,9,74
Tennessee,8,Medicaid,1,3470
Tennessee,8,Private Insurance,2,3553
Tennessee,8,Self Pay,3,247
Tennessee,8,Other,4,195
Tennessee,8,Unknown or Not Stated,9,72
Tennessee,9,Medicaid,1,3333
Tennessee,9,Private Insurance,2,3360
Tennessee,9,Self Pay,3,225
Tennessee,9,Other,4,192
Tennessee,9,Unknown or Not Stated,9,63
Tennessee,10,Medicaid,1,3252
Tennessee,10,Private Insurance,2,3432
Tennessee,10,Self Pay,3,207
Tennessee,10,Other,4,176
Tennessee,10,Unknown or Not Stated,9,78
Tennessee,11,Medicaid,1,3079
Tennessee,11,Private Insurance,2,3157
Tennessee,11,Self Pay,3,204
Tennessee,11,Other,4,157
Tennessee,11,Unknown or Not Stated,9,87
Tennessee,12,Medicaid,1,3514
Tennessee,12,Private Insurance,2,3156
Tennessee,12,Self Pay,3,185
Tennessee,12,Other,4,194
Tennessee,12,Unknown or Not Stated,9,80
Texas,1,Medicaid,1,14850
Texas,1,Private Insurance,2,14258
Texas,1,Self Pay,3,2318
Texas,1,Other,4,190
Texas,1,Unknown or Not Stated,9,708
Texas,2,Medicaid,1,13640
Texas,2,Private Insurance,2,13575
Texas,2,Self Pay,3,2145
Texas,2,Other,4,185
Texas,2,Unknown or Not Stated,9,682
Texas,3,Medicaid,1,13401
Texas,3,Private Insurance,2,14243
Texas,3,Self Pay,3,2318
Texas,3,Other,4,123
Texas,3,Unknown or Not Stated,9,672
Texas,4,Medicaid,1,12980
Texas,4,Private Insurance,2,14095
Texas,4,Self Pay,3,2218
Texas,4,Other,4,151
Texas,4,Unknown or Not Stated,9,627
Texas,5,Medicaid,1,13904
Texas,5,Private Insurance,2,14592
Texas,5,Self Pay,3,2171
Texas,5,Other,4,160
Texas,5,Unknown or Not Stated,9,700
Texas,6,Medicaid,1,13649
Texas,6,Private Insurance,2,13885
Texas,6,Self Pay,3,2219
Texas,6,Other,4,149
Texas,6,Unknown or Not Stated,9,655
Texas,7,Medicaid,1,15501
Texas,7,Private Insurance,2,15683
Texas,7,Self Pay,3,2473
Texas,7,Other,4,171
Texas,7,Unknown or Not Stated,9,817
Texas,8,Medicaid,1,15801
Texas,8,Private Insurance,2,16099
Texas,8,Self Pay,3,2626
Texas,8,Other,4,180
Texas,8,Unknown or Not Stated,9,790
Texas,9,Medicaid,1,15392
Texas,9,Private Insurance,2,15166
Texas,9,Self Pay,3,2473
Texas,9,Other,4,139
Texas,9,Unknown or Not Stated,9,767
Texas,10,Medicaid,1,15605
Texas,10,Private Insurance,2,15866
Texas,10,Self Pay,3,2419
Texas,10,Other,4,187
Texas,10,Unknown or Not Stated,9,702
Texas,11,Medicaid,1,14569
Texas,11,Private Insurance,2,14395
Texas,11,Self Pay,3,2171
Texas,11,Other,4,206
Texas,11,Unknown or Not Stated,9,691
Texas,12,Medicaid,1,15517
Texas,12,Private Insurance,2,15141
Texas,12,Self Pay,3,2264
Texas,12,Other,4,238
Texas,12,Unknown or Not Stated,9,736
Utah,1,Medicaid,1,697
Utah,1,Private Insurance,2,2605
Utah,1,Self Pay,3,292
Utah,1,Other,4,91
Utah,1,Unknown or Not Stated,9,18
Utah,2,Medicaid,1,649
Utah,2,Private Insurance,2,2588
Utah,2,Self Pay,3,299
Utah,2,Other,4,78
Utah,2,Unknown or Not Stated,9,12
Utah,3,Medicaid,1,656
Utah,3,Private Insurance,2,2825
Utah,3,Self Pay,3,330
Utah,3,Other,4,80
Utah,3,Unknown or Not Stated,9,13
Utah,4,Medicaid,1,671
Utah,4,Private Insurance,2,2755
Utah,4,Self Pay,3,373
Utah,4,Other,4,91
Utah,5,Medicaid,1,632
Utah,5,Private Insurance,2,2871
Utah,5,Self Pay,3,352
Utah,5,Other,4,97
Utah,5,Unknown or Not Stated,9,14
Utah,6,Medicaid,1,679
Utah,6,Private Insurance,2,2820
Utah,6,Self Pay,3,342
Utah,6,Other,4,97
Utah,7,Medicaid,1,731
Utah,7,Private Insurance,2,3018
Utah,7,Self Pay,3,374
Utah,7,Other,4,112
Utah,7,Unknown or Not Stated,9,12
Utah,8,Medicaid,1,702
Utah,8,Private Insurance,2,3008
Utah,8,Self Pay,3,356
Utah,8,Other,4,109
Utah,8,Unknown or Not Stated,9,12
Utah,9,Medicaid,1,577
Utah,9,Private Insurance,2,2917
Utah,9,Self Pay,3,355
Utah,9,Other,4,89
Utah,10,Medicaid,1,617
Utah,10,Private Insurance,2,2777
Utah,10,Self Pay,3,376
Utah,10,Other,4,102
Utah,11,Medicaid,1,566
Utah,11,Private Insurance,2,2552
Utah,11,Self Pay,3,332
Utah,11,Other,4,94
Utah,11,Unknown or Not Stated,9,11
Utah,12,Medicaid,1,638
Utah,12,Private Insurance,2,2724
Utah,12,Self Pay,3,346
Utah,12,Other,4,92
Vermont,1,Medicaid,1,159
Vermont,1,Private Insurance,2,205
Vermont,1,Self Pay,3,10
Vermont,2,Medicaid,1,149
Vermont,2,Private Insurance,2,214
Vermont,2,Other,4,13
Vermont,3,Medicaid,1,168
Vermont,3,Private Insurance,2,243
Vermont,3,Self Pay,3,10
Vermont,3,Other,4,17
Vermont,4,Medicaid,1,134
Vermont,4,Private Insurance,2,254
Vermont,4,Self Pay,3,15
Vermont,4,Other,4,12
Vermont,5,Medicaid,1,154
Vermont,5,Private Insurance,2,261
Vermont,5,Self Pay,3,14
Vermont,5,Other,4,20
Vermont,6,Medicaid,1,165
Vermont,6,Private Insurance,2,254
Vermont,6,Self Pay,3,14
Vermont,6,Other,4,12
Vermont,7,Medicaid,1,150
Vermont,7,Private Insurance,2,250
Vermont,7,Other,4,12
Vermont,8,Medicaid,1,180
Vermont,8,Private Insurance,2,243
Vermont,8,Self Pay,3,18
Vermont,8,Other,4,12
Vermont,9,Medicaid,1,139
Vermont,9,Private Insurance,2,233
Vermont,9,Self Pay,3,19
Vermont,9,Other,4,10
Vermont,10,Medicaid,1,150
Vermont,10,Private Insurance,2,248
Vermont,10,Other,4,17
Vermont,11,Medicaid,1,135
Vermont,11,Private Insurance,2,233
Vermont,11,Self Pay,3,15
Vermont,11,Other,4,13
Vermont,12,Medicaid,1,163
Vermont,12,Private Insurance,2,223
Vermont,12,Self Pay,3,14
Vermont,12,Other,4,18
Virginia,1,Medicaid,1,2773
Virginia,1,Private Insurance,2,4111
Virginia,1,Self Pay,3,260
Virginia,1,Other,4,592
Virginia,1,Unknown or Not Stated,9,13
Virginia,2,Medicaid,1,2601
Virginia,2,Private Insurance,2,4043
Virginia,2,Self Pay,3,223
Virginia,2,Other,4,514
Virginia,2,Unknown or Not Stated,9,10
Virginia,3,Medicaid,1,2720
Virginia,3,Private Insurance,2,4336
Virginia,3,Self Pay,3,201
Virginia,3,Other,4,585
Virginia,3,Unknown or Not Stated,9,17
Virginia,4,Medicaid,1,2644
Virginia,4,Private Insurance,2,4150
Virginia,4,Self Pay,3,213
Virginia,4,Other,4,579
Virginia,4,Unknown or Not Stated,9,11
Virginia,5,Medicaid,1,2603
Virginia,5,Private Insurance,2,4371
Virginia,5,Self Pay,3,265
Virginia,5,Other,4,626
Virginia,5,Unknown or Not Stated,9,12
Virginia,6,Medicaid,1,2646
Virginia,6,Private Insurance,2,4139
Virginia,6,Self Pay,3,253
Virginia,6,Other,4,563
Virginia,6,Unknown or Not Stated,9,12
Virginia,7,Medicaid,1,2866
Virginia,7,Private Insurance,2,4459
Virginia,7,Self Pay,3,217
Virginia,7,Other,4,578
Virginia,7,Unknown or Not Stated,9,16
Virginia,8,Medicaid,1,2801
Virginia,8,Private Insurance,2,4646
Virginia,8,Self Pay,3,249
Virginia,8,Other,4,595
Virginia,8,Unknown or Not Stated,9,23
Virginia,9,Medicaid,1,2743
Virginia,9,Private Insurance,2,4252
Virginia,9,Self Pay,3,224
Virginia,9,Other,4,600
Virginia,9,Unknown or Not Stated,9,15
Virginia,10,Medicaid,1,2763
Virginia,10,Private Insurance,2,4455
Virginia,10,Self Pay,3,248
Virginia,10,Other,4,586
Virginia,10,Unknown or Not Stated,9,16
Virginia,11,Medicaid,1,2699
Virginia,11,Private Insurance,2,4080
Virginia,11,Self Pay,3,237
Virginia,11,Other,4,503
Virginia,11,Unknown or Not Stated,9,19
Virginia,12,Medicaid,1,2114
Virginia,12,Private Insurance,2,3198
Virginia,12,Self Pay,3,153
Virginia,12,Other,4,485
Virginia,12,Unknown or Not Stated,9,15
Washington,1,Medicaid,1,2352
Washington,1,Private Insurance,2,3661
Washington,1,Self Pay,3,82
Washington,1,Other,4,350
Washington,1,Unknown or Not Stated,9,176
Washington,2,Medicaid,1,2282
Washington,2,Private Insurance,2,3522
Washington,2,Self Pay,3,106
Washington,2,Other,4,342
Washington,2,Unknown or Not Stated,9,169
Washington,3,Medicaid,1,2413
Washington,3,Private Insurance,2,3891
Washington,3,Self Pay,3,115
Washington,3,Other,4,377
Washington,3,Unknown or Not Stated,9,184
Washington,4,Medicaid,1,2334
Washington,4,Private Insurance,2,3687
Washington,4,Self Pay,3,106
Washington,4,Other,4,375
Washington,4,Unknown or Not Stated,9,182
Washington,5,Medicaid,1,2490
Washington,5,Private Insurance,2,4029
Washington,5,Self Pay,3,112
Washington,5,Other,4,385
Washington,5,Unknown or Not Stated,9,185
Washington,6,Medicaid,1,2436
Washington,6,Private Insurance,2,3888
Washington,6,Self Pay,3,87
Washington,6,Other,4,359
Washington,6,Unknown or Not Stated,9,175
Washington,7,Medicaid,1,2504
Washington,7,Private Insurance,2,4018
Washington,7,Self Pay,3,113
Washington,7,Other,4,397
Washington,7,Unknown or Not Stated,9,254
Washington,8,Medicaid,1,2578
Washington,8,Private Insurance,2,4132
Washington,8,Self Pay,3,93
Washington,8,Other,4,446
Washington,8,Unknown or Not Stated,9,237
Washington,9,Medicaid,1,2353
Washington,9,Private Insurance,2,3750
Washington,9,Self Pay,3,103
Washington,9,Other,4,453
Washington,9,Unknown or Not Stated,9,221
Washington,10,Medicaid,1,2396
Washington,10,Private Insurance,2,4017
Washington,10,Self Pay,3,83
Washington,10,Other,4,447
Washington,10,Unknown or Not Stated,9,230
Washington,11,Medicaid,1,2330
Washington,11,Private Insurance,2,3649
Washington,11,Self Pay,3,93
Washington,11,Other,4,385
Washington,11,Unknown or Not Stated,9,228
Washington,12,Medicaid,1,2328
Washington,12,Private Insurance,2,3639
Washington,12,Self Pay,3,88
Washington,12,Other,4,415
Washington,12,Unknown or Not Stated,9,193
West Virginia,1,Medicaid,1,603
West Virginia,1,Private Insurance,2,664
West Virginia,1,Self Pay,3,42
West Virginia,1,Other,4,58
West Virginia,2,Medicaid,1,620
West Virginia,2,Private Insurance,2,663
West Virginia,2,Self Pay,3,35
West Virginia,2,Other,4,56
West Virginia,3,Medicaid,1,628
West Virginia,3,Private Insurance,2,680
West Virginia,3,Self Pay,3,41
West Virginia,3,Other,4,54
West Virginia,4,Medicaid,1,621
West Virginia,4,Private Insurance,2,634
West Virginia,4,Self Pay,3,40
West Virginia,4,Other,4,60
West Virginia,4,Unknown or Not Stated,9,11
West Virginia,5,Medicaid,1,614
West Virginia,5,Private Insurance,2,680
West Virginia,5,Self Pay,3,42
West Virginia,5,Other,4,67
West Virginia,5,Unknown or Not Stated,9,11
West Virginia,6,Medicaid,1,550
West Virginia,6,Private Insurance,2,722
West Virginia,6,Self Pay,3,53
West Virginia,6,Other,4,56
West Virginia,7,Medicaid,1,613
West Virginia,7,Private Insurance,2,754
West Virginia,7,Self Pay,3,52
West Virginia,7,Other,4,50
West Virginia,7,Unknown or Not Stated,9,16
West Virginia,8,Medicaid,1,657
West Virginia,8,Private Insurance,2,756
West Virginia,8,Self Pay,3,49
West Virginia,8,Other,4,61
West Virginia,8,Unknown or Not Stated,9,25
West Virginia,9,Medicaid,1,602
West Virginia,9,Private Insurance,2,702
West Virginia,9,Self Pay,3,35
West Virginia,9,Other,4,60
West Virginia,9,Unknown or Not Stated,9,26
West Virginia,10,Medicaid,1,597
West Virginia,10,Private Insurance,2,701
West Virginia,10,Self Pay,3,50
West Virginia,10,Other,4,81
West Virginia,10,Unknown or Not Stated,9,27
West Virginia,11,Medicaid,1,594
West Virginia,11,Private Insurance,2,633
West Virginia,11,Self Pay,3,45
West Virginia,11,Other,4,51
West Virginia,11,Unknown or Not Stated,9,15
West Virginia,12,Medicaid,1,551
West Virginia,12,Private Insurance,2,640
West Virginia,12,Self Pay,3,34
West Virginia,12,Other,4,53
West Virginia,12,Unknown or Not Stated,9,17
Wisconsin,1,Medicaid,1,1685
Wisconsin,1,Private Insurance,2,2706
Wisconsin,1,Self Pay,3,191
Wisconsin,1,Other,4,61
Wisconsin,1,Unknown or Not Stated,9,25
Wisconsin,2,Medicaid,1,1693
Wisconsin,2,Private Insurance,2,2741
Wisconsin,2,Self Pay,3,204
Wisconsin,2,Other,4,63
Wisconsin,2,Unknown or Not Stated,9,35
Wisconsin,3,Medicaid,1,1702
Wisconsin,3,Private Insurance,2,2959
Wisconsin,3,Self Pay,3,213
Wisconsin,3,Other,4,46
Wisconsin,3,Unknown or Not Stated,9,40
Wisconsin,4,Medicaid,1,1651
Wisconsin,4,Private Insurance,2,2926
Wisconsin,4,Self Pay,3,204
Wisconsin,4,Other,4,72
Wisconsin,4,Unknown or Not Stated,9,32
Wisconsin,5,Medicaid,1,1590
Wisconsin,5,Private Insurance,2,3211
Wisconsin,5,Self Pay,3,217
Wisconsin,5,Other,4,75
Wisconsin,5,Unknown or Not Stated,9,140
Wisconsin,6,Medicaid,1,1648
Wisconsin,6,Private Insurance,2,3089
Wisconsin,6,Self Pay,3,212
Wisconsin,6,Other,4,60
Wisconsin,6,Unknown or Not Stated,9,38
Wisconsin,7,Medicaid,1,1747
Wisconsin,7,Private Insurance,2,3193
Wisconsin,7,Self Pay,3,206
Wisconsin,7,Other,4,75
Wisconsin,7,Unknown or Not Stated,9,46
Wisconsin,8,Medicaid,1,1811
Wisconsin,8,Private Insurance,2,3159
Wisconsin,8,Self Pay,3,248
Wisconsin,8,Other,4,87
Wisconsin,8,Unknown or Not Stated,9,50
Wisconsin,9,Medicaid,1,1691
Wisconsin,9,Private Insurance,2,2850
Wisconsin,9,Self Pay,3,235
Wisconsin,9,Other,4,79
Wisconsin,9,Unknown or Not Stated,9,45
Wisconsin,10,Medicaid,1,1680
Wisconsin,10,Private Insurance,2,2969
Wisconsin,10,Self Pay,3,194
Wisconsin,10,Other,4,98
Wisconsin,10,Unknown or Not Stated,9,43
Wisconsin,11,Medicaid,1,1592
Wisconsin,11,Private Insurance,2,2766
Wisconsin,11,Self Pay,3,166
Wisconsin,11,Other,4,71
Wisconsin,11,Unknown or Not Stated,9,38
Wisconsin,12,Medicaid,1,1695
Wisconsin,12,Private Insurance,2,2912
Wisconsin,12,Self Pay,3,189
Wisconsin,12,Other,4,100
Wisconsin,12,Unknown or Not Stated,9,46
Wyoming,1,Medicaid,1,155
Wyoming,1,Private Insurance,2,272
Wyoming,1,Self Pay,3,33
Wyoming,1,Other,4,19
Wyoming,2,Medicaid,1,153
Wyoming,2,Private Insurance,2,278
Wyoming,2,Self Pay,3,36
Wyoming,2,Other,4,18
Wyoming,3,Medicaid,1,162
Wyoming,3,Private Insurance,2,308
Wyoming,3,Self Pay,3,29
Wyoming,3,Other,4,20
Wyoming,4,Medicaid,1,163
Wyoming,4,Private Insurance,2,316
Wyoming,4,Self Pay,3,25
Wyoming,4,Other,4,18
Wyoming,5,Medicaid,1,151
Wyoming,5,Private Insurance,2,304
Wyoming,5,Self Pay,3,38
Wyoming,5,Other,4,20
Wyoming,5,Unknown or Not Stated,9,11
Wyoming,6,Medicaid,1,152
Wyoming,6,Private Insurance,2,310
Wyoming,6,Self Pay,3,33
Wyoming,6,Other,4,22
Wyoming,7,Medicaid,1,167
Wyoming,7,Private Insurance,2,292
Wyoming,7,Self Pay,3,36
Wyoming,7,Other,4,32
Wyoming,8,Medicaid,1,147
Wyoming,8,Private Insurance,2,328
Wyoming,8,Self Pay,3,38
Wyoming,8,Other,4,25
Wyoming,9,Medicaid,1,158
Wyoming,9,Private Insurance,2,274
Wyoming,9,Self Pay,3,25
Wyoming,9,Other,4,16
Wyoming,10,Medicaid,1,144
Wyoming,10,Private Insurance,2,303
Wyoming,10,Self Pay,3,35
Wyoming,10,Other,4,35
Wyoming,11,Medicaid,1,113
Wyoming,11,Private Insurance,2,282
Wyoming,11,Self Pay,3,32
Wyoming,11,Other,4,11
Wyoming,12,Medicaid,1,162
Wyoming,12,Private Insurance,2,276
Wyoming,12,Self Pay,3,38
Wyoming,12,Other,4,18